date_time,Year,Month,Day,Ca_Diss_Water,Cl_Diss_Water,DMS_Tot_Water,EC_Phys_Water,F_Diss_Water,K_Diss_Water,Mg_Diss_Water,Na_Diss_Water,NH4_N_Diss_Water,NO3_NO2_N_Diss_Water,pH_Diss_Water,PO4_P_Diss_Water,Si_Diss_Water,SO4_Diss_Water,TAL_Diss_Water
1981/09/02 16:25,1981,09,02,2.3,9.2,43.0,6.3,0.2,0.6,0.5,6.6,0.1,0.0,5.5,0.0,3.0,9.6,11.7
1981/09/09 17:30,1981,09,09,2.2,8.7,41.0,5.5,0.2,0.5,0.5,8.6,0.0,0.0,5.6,0.0,2.4,11.8,7.3
1981/09/16 15:35,1981,09,16,1.0,9.2,42.0,5.8,0.4,0.4,0.5,5.6,0.0,0.1,5.7,0.0,2.1,9.7,12.1
1981/09/23 15:10,1981,09,23,,,,4.7,,,,,,,,,,,
1981/09/30 16:35,1981,09,30,,,,4.6,,,,,,,,,,,
1981/10/07 16:10,1981,10,07,8.2,12.8,89.0,10.2,0.2,0.7,1.2,17.9,0.0,0.0,6.4,0.0,8.1,13.1,28.7
1981/10/14 14:50,1981,10,14,2.2,10.6,56.0,6.9,0.2,0.9,1.6,13.4,0.0,0.0,6.0,0.0,4.4,9.7,14.0
1981/10/21 14:35,1981,10,21,7.0,12.1,60.0,7.2,0.1,0.8,0.5,9.2,0.0,0.0,6.0,0.0,4.5,9.8,16.2
1981/10/28 13:35,1981,10,28,9.3,16.9,77.0,10.3,0.2,1.2,1.7,8.8,0.0,0.1,6.2,0.0,6.1,7.4,25.4
1981/11/09 13:30,1981,11,09,9.8,13.5,74.0,10.7,0.1,1.5,1.0,8.6,0.1,0.4,6.0,0.0,5.5,6.0,25.8
1981/11/11 14:00,1981,11,11,10.0,10.1,80.0,11.8,0.2,5.0,1.7,7.8,0.0,0.8,6.3,0.0,4.9,6.9,28.5
1981/11/18 12:40,1981,11,18,2.3,8.0,38.0,5.1,0.1,0.8,0.5,6.2,0.0,0.0,5.8,0.0,2.3,8.4,9.2
1981/12/02 13:15,1981,12,02,9.7,10.6,79.0,11.4,0.1,4.7,1.1,6.9,0.0,0.1,6.2,0.0,5.4,11.8,27.5
1981/12/09 12:35,1981,12,09,12.8,12.2,95.0,12.2,0.2,4.8,1.2,6.8,0.0,0.1,7.2,0.0,5.0,11.6,37.2
1981/12/16 14:45,1981,12,16,9.9,11.0,64.0,10.4,0.2,2.3,1.1,8.2,0.1,0.2,7.2,0.0,4.0,2.0,24.1
1982/01/06 11:56,1982,01,06,16.4,18.4,98.0,15.5,0.1,1.6,2.2,9.3,0.0,0.3,7.1,0.0,1.9,2.0,39.0
1982/01/13 12:55,1982,01,13,6.8,14.3,59.0,9.3,0.1,1.5,1.2,7.3,0.0,0.1,6.9,0.0,2.5,2.0,22.1
1982/02/03 13:50,1982,02,03,6.9,15.7,55.0,9.9,0.1,1.6,1.5,7.4,0.0,0.2,6.7,0.0,2.2,2.0,17.3
1982/03/03 12:45,1982,03,03,7.0,14.7,70.0,10.2,0.1,1.6,1.8,10.3,0.0,0.1,6.6,0.0,2.2,9.4,19.8
1982/03/24 12:40,1982,03,24,6.8,14.9,70.0,10.4,0.1,1.5,1.8,8.9,0.0,0.3,6.7,0.0,3.4,7.4,22.1
1982/04/07 13:20,1982,04,07,9.8,13.0,71.0,11.0,0.3,2.2,1.8,8.1,0.0,0.0,6.9,0.0,4.2,2.0,27.1
1982/04/21 14:50,1982,04,21,2.5,9.0,40.0,6.0,0.2,1.1,1.7,9.6,0.0,0.0,6.4,0.0,1.9,2.0,10.4
1982/04/28 15:10,1982,04,28,4.3,8.9,42.0,6.5,0.1,0.8,1.2,5.8,0.0,0.0,6.5,0.0,2.4,2.0,14.1
1982/05/05 15:05,1982,05,05,6.5,11.0,56.0,9.4,0.2,1.7,1.8,7.3,0.0,0.0,7.7,0.0,3.9,2.0,21.2
1982/06/02 14:05,1982,06,02,3.5,10.4,38.0,6.5,0.3,0.8,0.5,5.4,0.1,0.0,6.3,0.0,2.4,4.6,10.0
1983/02/04 11:30,1983,02,04,,,,5.1,,,,,,,,,,,
1983/03/04 11:22,1983,03,04,,,,1.3,,,,,,0.0,4.9,,,,2.0
1983/04/01 12:10,1983,04,01,,,,7.7,,,,,,,,,,,
1983/05/06 11:40,1983,05,06,1.8,7.3,31.0,5.1,0.1,1.0,1.0,5.1,0.0,0.2,5.1,0.0,8.1,8.8,4.3
1983/06/03 10:15,1983,06,03,1.0,8.1,25.0,4.6,0.1,0.6,0.5,5.2,0.1,0.1,5.1,0.0,1.5,9.2,2.0
1983/07/01 11:20,1983,07,01,,,,3.8,,,,,,,,,,,
1983/09/02 11:00,1983,09,02,5.6,9.9,59.0,8.5,0.1,0.9,1.2,5.9,0.0,0.0,6.8,0.0,3.6,15.0,16.7
1983/10/07 12:00,1983,10,07,,,,5.2,,,,,,,,,,,
1983/11/04 11:20,1983,11,04,,,,12.8,,,,,,,,,,,
1983/12/02 12:00,1983,12,02,3.0,10.7,40.0,6.4,0.1,0.7,1.4,7.3,0.0,0.0,6.5,0.0,1.5,2.0,13.0
1986/07/03 08:20,1986,07,03,0.5,7.6,18.0,3.7,0.1,0.2,0.5,3.4,0.1,0.0,5.2,0.0,2.1,2.0,2.0
1986/08/07 08:16,1986,08,07,0.5,8.8,19.0,5.2,0.1,0.2,0.5,2.3,0.1,0.0,4.7,0.0,1.7,2.0,2.0
1986/09/04 07:10,1986,09,04,1.7,9.7,29.0,5.8,0.1,0.5,0.5,3.7,0.1,0.0,5.2,0.0,1.6,7.4,4.3
1986/10/02 07:35,1986,10,02,2.2,15.1,40.0,8.1,0.1,0.5,1.0,7.0,0.1,0.0,6.4,0.0,3.4,8.3,4.8
1986/10/04 06:50,1986,10,04,2.4,13.1,29.0,7.9,0.1,0.7,1.5,7.2,0.1,0.1,5.1,0.0,1.7,2.0,2.0
1986/11/06 06:15,1986,11,06,6.1,16.1,57.0,10.2,0.1,1.2,0.5,6.7,0.3,0.3,6.8,0.0,2.9,8.3,13.6
1987/01/08 06:55,1987,01,08,2.1,13.6,30.0,7.0,0.1,0.6,1.3,7.3,0.1,0.1,5.1,0.0,1.0,2.0,2.0
1987/01/08 07:05,1987,01,08,2.9,13.5,39.0,8.0,0.1,0.6,1.6,7.3,0.1,0.2,4.9,0.0,1.4,2.0,8.8
1987/01/15 07:19,1987,01,15,2.1,14.6,32.0,7.3,0.1,0.6,1.3,7.3,0.1,0.1,5.1,0.0,1.2,2.0,2.0
1987/01/22 08:10,1987,01,22,1.7,15.8,32.0,7.2,0.1,0.8,1.2,6.6,0.1,0.1,4.8,0.0,2.4,2.0,2.0
1987/01/29 06:50,1987,01,29,2.5,15.1,36.0,7.5,0.1,0.7,1.4,7.5,0.0,0.1,5.3,0.0,1.8,5.8,2.0
1987/02/05 06:40,1987,02,05,2.1,15.1,34.0,7.5,0.1,0.7,1.4,8.1,0.1,0.1,5.3,0.0,1.6,2.0,2.0
1987/02/05 06:45,1987,02,05,2.9,13.8,39.0,7.8,0.1,0.7,1.6,7.5,0.1,0.1,5.6,0.0,2.0,4.4,6.0
1987/02/12 06:54,1987,02,12,2.3,15.8,37.0,7.4,0.1,0.8,1.3,7.8,0.1,0.1,5.4,0.0,2.4,4.1,2.0
1987/02/19 07:00,1987,02,19,2.1,16.1,36.0,7.5,0.1,0.7,1.4,8.1,0.0,0.1,5.4,0.0,1.7,5.5,2.0
1987/02/26 06:45,1987,02,26,2.3,14.4,36.0,7.6,0.1,0.8,1.4,8.1,0.1,0.1,5.5,0.0,1.7,4.6,2.0
1987/03/05 06:30,1987,03,05,3.7,14.6,40.0,8.3,0.1,0.7,1.6,7.5,0.1,0.1,6.1,0.0,2.0,4.4,5.8
1987/03/05 06:56,1987,03,05,2.1,15.0,36.0,8.0,0.1,0.7,1.4,8.4,0.1,0.2,5.4,0.0,1.3,2.0,2.0
1987/03/12 06:20,1987,03,12,2.3,15.4,39.0,8.0,0.1,0.8,1.5,8.4,0.1,0.2,5.5,0.0,1.3,5.2,2.0
1987/03/19 07:10,1987,03,19,2.1,15.0,36.0,7.6,0.1,0.6,1.4,7.2,0.1,0.1,5.3,0.0,1.4,5.0,2.0
1987/03/26 06:55,1987,03,26,2.2,14.3,41.0,7.5,0.1,0.7,1.7,7.5,0.1,0.2,5.6,0.0,1.5,7.6,5.0
1987/04/02 06:25,1987,04,02,2.1,14.6,42.0,7.6,0.1,0.6,1.7,7.5,0.1,0.2,5.6,0.0,0.8,7.6,6.0
1987/04/04 07:10,1987,04,04,6.8,17.0,55.0,10.5,0.1,0.8,1.7,8.1,0.1,0.1,6.5,0.0,3.8,2.0,14.7
1987/04/08 06:45,1987,04,08,3.3,16.7,42.0,8.7,0.1,0.6,1.8,7.8,0.1,0.2,5.7,0.0,1.1,6.7,2.0
1987/04/16 06:55,1987,04,16,2.9,15.9,43.0,8.2,0.1,0.6,1.8,8.0,0.1,0.3,5.7,0.0,1.5,6.6,4.6
1987/04/23 07:30,1987,04,23,3.1,14.8,40.0,8.0,0.1,0.8,1.8,7.9,0.1,0.2,5.9,0.0,1.5,6.5,2.0
1987/04/30 07:33,1987,04,30,2.1,11.5,31.0,6.3,0.1,0.6,1.4,5.9,0.1,0.1,5.0,0.0,1.4,5.2,2.0
1987/05/07 08:16,1987,05,07,2.0,9.5,30.0,6.3,0.1,0.7,1.3,5.5,0.1,0.1,4.5,0.0,2.7,6.4,2.0
1987/05/14 07:20,1987,05,14,1.8,9.4,28.0,6.0,0.1,0.5,1.3,5.1,0.0,0.2,5.0,0.0,1.7,4.9,2.0
1987/05/21 07:30,1987,05,21,1.4,9.4,28.0,5.6,0.1,0.5,1.2,4.7,0.0,0.2,4.9,0.0,1.6,4.8,4.5
1987/05/28 07:05,1987,05,28,0.5,8.9,20.0,5.3,0.1,0.4,0.5,4.0,0.0,0.1,5.6,0.0,5.5,2.0,2.0
1987/06/04 08:40,1987,06,04,2.9,10.7,31.0,7.1,0.1,0.5,1.2,6.2,0.0,0.1,5.8,0.0,3.8,2.0,4.2
1987/06/11 08:00,1987,06,11,3.2,10.3,36.0,7.4,0.1,0.7,1.3,6.8,0.0,0.1,5.8,0.0,4.1,5.3,6.8
1987/06/18 09:50,1987,06,18,1.1,7.4,19.0,5.0,0.1,0.4,0.5,3.8,0.1,0.0,4.4,0.0,1.4,2.0,2.0
1987/06/25 07:20,1987,06,25,0.5,5.6,18.0,4.4,0.1,0.3,0.5,3.8,0.1,0.1,4.3,0.0,1.5,2.0,2.0
1987/07/02 07:55,1987,07,02,2.3,9.1,30.0,6.4,0.1,0.5,1.1,5.7,0.0,0.1,5.5,0.0,3.3,5.2,4.7
1987/07/09 06:50,1987,07,09,4.2,13.1,42.0,8.4,0.1,0.4,1.5,7.3,0.0,0.0,5.8,0.0,4.2,5.1,8.2
1987/07/16 07:00,1987,07,16,3.8,13.5,41.0,7.9,0.1,0.4,1.4,7.3,0.0,0.0,5.8,0.0,4.0,4.3,8.1
1987/07/23 06:50,1987,07,23,3.8,9.4,32.0,7.1,0.1,0.4,1.1,5.9,0.0,0.1,5.8,0.0,3.3,5.0,5.3
1987/07/30 06:00,1987,07,30,2.0,7.8,26.0,5.8,0.1,0.4,0.5,4.5,0.0,0.1,5.2,0.0,2.8,4.9,4.2
1987/08/06 07:10,1987,08,06,2.7,13.0,37.0,6.3,0.1,0.4,1.1,5.9,0.0,0.0,5.7,0.0,3.0,2.0,9.1
1987/08/13 07:15,1987,08,13,5.0,13.0,43.0,6.9,0.1,0.6,0.5,6.2,0.0,0.1,6.4,0.0,3.6,2.0,11.1
1987/08/20 06:35,1987,08,20,1.4,6.5,24.0,5.0,0.1,0.6,0.5,3.5,0.0,0.1,4.9,0.0,2.3,5.7,4.0
1987/08/27 07:00,1987,08,27,1.2,9.0,28.0,4.7,0.1,0.4,0.5,4.6,0.1,0.0,4.7,0.0,3.2,4.2,6.4
1987/09/03 07:20,1987,09,03,4.4,15.8,52.0,8.4,0.1,0.5,1.3,8.8,0.0,0.0,6.3,0.0,4.0,7.1,11.6
1987/09/10 07:12,1987,09,10,2.1,14.8,45.0,8.8,0.2,0.6,1.2,7.8,0.1,0.1,6.3,0.0,4.0,8.0,8.3
1987/09/17 07:10,1987,09,17,2.7,13.1,37.0,6.8,0.1,0.5,1.1,6.3,0.0,0.1,5.2,0.0,3.9,2.0,8.8
1987/09/24 06:55,1987,09,24,0.5,7.9,16.0,3.7,0.1,0.4,0.5,3.6,0.1,0.0,4.3,0.0,0.9,2.0,2.0
1987/10/01 06:20,1987,10,01,0.5,9.2,17.0,4.2,0.1,0.6,0.5,5.5,0.1,0.0,4.5,0.0,1.8,2.0,2.0
1987/10/08 06:55,1987,10,08,3.7,15.2,41.0,8.4,0.1,0.5,1.2,9.5,0.0,0.0,5.7,0.0,3.5,2.0,8.9
1987/10/15 06:45,1987,10,15,4.1,14.8,40.0,8.5,0.1,0.5,1.2,9.5,0.0,0.0,5.7,0.0,3.7,2.0,8.1
1987/10/22 06:45,1987,10,22,2.3,13.8,32.0,6.8,0.1,0.8,1.1,7.3,0.0,0.0,5.5,0.0,3.6,2.0,5.1
1987/10/29 06:42,1987,10,29,2.9,14.5,42.0,7.6,0.1,0.6,1.1,8.3,0.1,0.1,5.4,0.0,3.6,2.0,9.2
1987/11/05 08:00,1987,11,05,4.1,12.2,38.0,7.0,0.1,0.5,0.5,6.9,0.0,0.0,5.5,0.0,4.3,2.0,10.3
1987/11/12 06:36,1987,11,12,3.1,12.8,37.0,7.5,0.1,0.7,1.1,6.3,0.0,0.1,4.5,0.0,2.5,2.0,7.9
1987/11/19 07:00,1987,11,19,2.4,11.8,32.0,6.7,0.1,0.6,1.2,6.6,0.1,0.1,5.6,0.0,2.3,2.0,4.5
1987/11/26 06:45,1987,11,26,2.1,12.9,33.0,6.4,0.1,0.6,1.3,6.3,0.0,0.1,5.0,0.0,2.2,2.0,6.8
1987/12/03 06:30,1987,12,03,3.1,14.2,33.0,6.4,0.1,0.5,1.3,6.3,0.0,0.1,5.7,0.0,1.6,2.0,4.2
1987/12/10 06:40,1987,12,10,1.9,10.6,26.0,5.6,0.1,0.4,1.0,4.9,0.0,0.1,4.4,0.0,2.1,2.0,4.2
1987/12/17 06:50,1987,12,17,2.5,12.8,30.0,6.4,0.1,0.5,1.0,5.5,0.0,0.1,4.6,0.0,1.9,2.0,4.3
1987/12/24 07:00,1987,12,24,2.1,12.4,29.0,6.4,0.1,0.8,1.2,5.8,0.0,0.1,4.8,0.0,2.0,2.0,4.3
1987/12/31 06:40,1987,12,31,1.6,11.5,33.0,6.3,0.1,0.5,1.0,5.4,0.1,0.0,4.5,0.0,2.0,2.0,7.3
1988/01/07 07:25,1988,01,07,3.5,11.8,28.0,6.7,0.1,0.5,1.5,6.4,0.0,0.1,5.9,0.0,1.5,2.0,2.0
1988/01/14 06:40,1988,01,14,2.4,12.1,28.0,6.5,0.1,0.5,1.4,6.4,0.1,0.1,5.1,0.0,6.0,2.0,2.0
1988/01/21 06:50,1988,01,21,2.6,15.3,46.0,8.0,0.1,0.6,1.4,7.4,0.1,0.1,5.6,0.0,1.8,5.1,10.8
1988/01/28 06:30,1988,01,28,2.3,11.6,39.0,6.2,0.1,0.6,1.3,7.7,0.0,0.0,5.7,0.0,1.3,2.0,10.8
1988/02/04 06:40,1988,02,04,3.3,14.3,43.0,8.0,0.1,0.8,1.6,6.4,0.1,0.5,4.7,0.0,1.7,2.0,9.0
1988/02/11 06:50,1988,02,11,2.6,13.9,41.0,7.1,0.1,0.6,1.4,7.6,0.1,0.0,5.6,0.0,1.1,2.0,9.0
1988/02/18 06:30,1988,02,18,3.3,13.9,46.0,7.5,0.1,0.7,1.5,7.9,0.0,0.0,5.9,0.0,1.1,4.2,11.7
1988/02/25 06:30,1988,02,25,2.8,13.5,44.0,7.6,0.1,0.9,1.5,7.9,0.1,0.1,5.7,0.0,1.1,2.0,11.7
1988/03/03 06:45,1988,03,03,2.7,16.7,41.0,8.3,0.1,0.6,1.6,7.2,0.1,0.1,5.4,0.0,1.5,4.1,6.3
1988/03/10 06:50,1988,03,10,2.3,15.7,38.0,7.6,0.1,0.6,1.6,6.9,0.1,0.1,5.0,0.0,1.2,4.1,5.4
1988/03/17 06:50,1988,03,17,2.3,15.7,39.0,7.8,0.1,0.6,1.6,6.9,0.1,0.1,5.2,0.0,1.4,2.0,6.3
1988/03/24 06:50,1988,03,24,2.9,16.1,42.0,7.5,0.1,0.5,1.5,6.1,0.1,0.1,5.6,0.0,1.8,2.0,9.6
1988/03/31 06:40,1988,03,31,3.5,15.0,44.0,8.3,0.1,0.6,1.6,7.2,0.1,0.1,6.0,0.0,2.1,4.0,9.8
1988/04/07 06:55,1988,04,07,2.9,14.3,39.0,8.2,0.1,0.6,1.4,6.6,0.1,0.1,5.9,0.0,4.0,2.0,8.9
1988/04/14 07:10,1988,04,14,2.7,12.4,37.0,7.2,0.1,0.6,1.4,6.2,0.1,0.1,4.8,0.0,2.7,4.9,7.1
1988/04/21 07:05,1988,04,21,3.0,15.1,40.0,7.9,0.1,0.7,1.6,7.2,0.1,0.1,5.5,0.0,2.6,2.0,7.1
1988/04/28 07:05,1988,04,28,2.5,12.3,35.0,6.8,0.2,0.6,1.1,5.9,0.1,0.1,5.2,0.0,2.6,4.9,6.3
1988/05/05 07:20,1988,05,05,3.2,11.7,36.0,7.0,0.1,0.5,1.3,5.7,0.1,0.1,5.5,0.0,3.0,2.0,9.6
1988/05/12 08:10,1988,05,12,2.6,13.8,33.0,6.6,0.1,0.7,1.4,7.0,0.1,0.1,5.1,0.0,2.9,2.0,5.3
1988/05/19 07:25,1988,05,19,2.6,14.1,37.0,6.8,0.1,0.6,1.4,7.0,0.1,0.1,5.5,0.0,2.9,2.0,7.6
1988/05/26 07:26,1988,05,26,2.4,14.1,34.0,6.9,0.1,0.5,1.3,7.0,0.1,0.1,5.7,0.0,4.0,2.0,6.5
1988/06/02 07:50,1988,06,02,2.9,13.1,40.0,7.0,0.1,0.6,1.2,6.2,0.1,0.1,5.7,0.0,3.7,2.0,11.5
1988/06/09 07:10,1988,06,09,4.3,9.9,33.0,6.9,0.1,0.7,0.5,4.0,0.1,0.1,5.7,0.0,1.8,4.1,7.6
1988/06/12 07:55,1988,06,12,2.5,12.4,33.0,8.0,0.1,0.4,1.0,6.0,0.1,0.1,5.5,0.0,3.5,4.0,5.3
1988/06/23 08:00,1988,06,23,2.5,12.3,35.0,7.3,0.1,0.2,1.0,5.3,0.1,0.1,5.6,0.0,3.5,4.9,6.9
1988/06/30 07:20,1988,06,30,2.9,12.2,36.0,8.1,0.1,0.5,1.1,6.6,0.1,0.1,5.7,0.0,3.9,2.0,7.6
1988/07/07 07:20,1988,07,07,0.5,5.0,18.0,3.5,0.1,0.3,0.5,2.6,0.1,0.1,4.0,0.0,1.0,5.7,2.0
1988/07/14 07:50,1988,07,14,1.1,8.7,23.0,4.8,0.1,0.4,0.5,4.6,0.1,0.0,4.6,0.0,2.6,2.0,2.0
1988/07/21 07:15,1988,07,21,0.5,7.0,21.0,3.9,0.1,0.3,0.5,3.5,0.1,0.1,4.2,0.0,1.6,4.6,2.0
1988/07/28 07:48,1988,07,28,2.2,12.4,32.0,6.8,0.1,0.4,0.5,5.9,0.1,0.1,5.1,0.0,3.5,2.0,5.3
1988/08/04 07:55,1988,08,04,2.0,12.7,32.0,5.8,0.1,0.6,0.5,7.3,0.0,0.0,6.6,0.0,3.8,2.0,6.0
1988/08/11 06:35,1988,08,11,0.5,9.7,24.0,4.4,0.1,0.6,0.5,5.6,0.0,0.0,4.9,0.0,3.2,2.0,4.9
1988/08/18 06:34,1988,08,18,0.5,9.4,23.0,4.4,0.1,0.6,0.5,6.0,0.0,0.0,4.8,0.0,3.7,2.0,2.0
1988/08/25 06:34,1988,08,25,0.5,9.7,24.0,4.2,0.1,0.7,0.5,6.0,0.0,0.0,4.9,0.0,3.9,2.0,5.0
1988/09/01 06:00,1988,09,01,0.5,7.3,20.0,3.7,0.1,0.7,0.5,4.7,0.1,0.0,4.6,0.0,2.4,2.0,5.1
1988/09/08 07:11,1988,09,08,1.9,13.3,33.0,5.9,0.1,0.7,0.5,8.2,0.1,0.0,5.7,0.0,3.6,2.0,5.2
1988/09/15 07:11,1988,09,15,1.9,12.9,34.0,5.9,0.1,0.7,0.5,7.9,0.1,0.1,5.7,0.0,3.7,2.0,6.5
1988/09/22 07:30,1988,09,22,2.1,14.2,37.0,6.2,0.5,0.8,0.5,8.0,0.0,0.1,5.7,0.0,3.8,2.0,7.9
1988/09/29 07:23,1988,09,29,2.0,11.3,35.0,7.4,0.1,0.6,0.5,7.5,0.1,0.1,5.4,0.0,3.8,2.0,9.1
1988/10/06 07:33,1988,10,06,2.0,12.1,34.0,7.2,0.1,0.7,0.5,7.9,0.1,0.1,5.4,0.0,3.9,2.0,7.0
1988/10/13 07:24,1988,10,13,1.9,12.8,40.0,8.8,0.6,0.6,0.5,7.9,0.1,0.1,5.9,0.0,3.7,2.0,10.0
1988/10/20 07:00,1988,10,20,2.0,12.4,37.0,7.4,0.3,0.6,0.5,7.2,0.1,0.0,5.6,0.0,3.9,2.0,9.0
1988/10/27 07:27,1988,10,27,2.2,11.9,38.0,7.4,0.2,0.7,0.5,7.9,0.1,0.1,5.6,0.0,4.0,2.0,8.9
1988/11/03 08:09,1988,11,03,2.6,12.7,39.0,7.6,0.1,0.7,0.5,7.9,0.1,0.0,5.5,0.0,3.6,2.0,8.9
1988/11/10 07:50,1988,11,10,2.1,10.9,35.0,7.1,0.1,0.6,0.5,6.5,0.1,0.0,5.2,0.0,3.2,2.0,8.9
1988/11/17 07:14,1988,11,17,2.1,11.7,35.0,7.0,0.1,0.6,0.5,5.8,0.1,0.1,5.0,0.0,2.6,2.0,8.8
1988/11/24 09:35,1988,11,24,2.3,12.1,38.0,7.3,0.1,0.7,1.1,7.5,0.0,0.0,5.1,0.0,2.1,2.0,9.8
1988/12/01 08:12,1988,12,01,0.5,7.4,27.0,5.0,0.1,0.5,0.5,6.1,0.0,0.0,5.0,0.0,3.6,2.0,7.7
1988/12/08 07:35,1988,12,08,1.8,12.9,35.0,7.3,0.1,0.7,1.1,6.1,0.1,0.1,4.4,0.0,1.1,2.0,7.7
1988/12/15 06:34,1988,12,15,1.8,13.2,39.0,7.7,0.5,0.8,1.2,7.5,0.1,0.1,4.8,0.0,1.4,2.0,8.7
1988/12/22 07:17,1988,12,22,1.6,12.3,38.0,7.4,0.2,0.7,1.2,7.2,0.1,0.1,4.6,0.1,0.9,2.0,8.6
1989/01/05 07:00,1989,01,05,2.3,14.3,36.0,8.1,0.1,0.7,1.3,6.2,0.1,0.1,4.8,0.0,1.0,5.5,4.1
1989/01/12 07:27,1989,01,12,2.3,14.7,41.0,7.9,0.1,0.5,1.4,6.9,0.1,0.1,4.8,0.0,0.9,5.1,8.1
1989/01/19 07:28,1989,01,19,2.1,14.7,44.0,7.8,0.1,0.7,1.4,7.6,0.1,0.1,4.7,0.0,0.9,6.8,8.1
1989/01/26 07:18,1989,01,26,2.1,15.1,37.0,8.5,0.1,0.7,1.4,6.4,0.1,0.1,4.9,0.0,1.3,4.3,5.5
1989/02/02 07:35,1989,02,02,2.1,13.8,43.0,7.8,0.1,0.7,1.4,7.1,0.1,0.1,4.9,0.0,1.3,7.4,8.1
1989/02/09 08:43,1989,02,09,2.1,14.6,43.0,7.9,0.1,0.9,1.5,7.5,0.1,0.1,4.8,0.0,1.0,7.0,6.8
1989/02/16 06:49,1989,02,16,2.1,14.6,43.0,7.8,0.1,0.7,1.5,7.1,0.1,0.1,5.0,0.0,0.8,5.9,8.1
1989/02/23 06:17,1989,02,23,2.4,14.8,43.0,7.5,0.1,0.8,1.5,7.5,0.1,0.1,6.3,0.0,1.2,2.0,9.1
1989/03/02 06:20,1989,03,02,2.5,19.3,54.0,10.5,0.1,3.1,2.3,9.7,0.1,0.5,6.2,0.0,2.3,5.2,7.8
1989/03/09 06:32,1989,03,09,1.6,16.0,42.0,7.3,0.1,0.9,1.5,7.5,0.1,0.1,6.5,0.0,1.5,2.0,10.3
1989/03/16 06:57,1989,03,16,2.7,13.7,42.0,7.6,0.1,0.8,1.3,7.5,0.0,0.1,6.2,0.0,4.4,2.0,11.6
1989/03/23 06:28,1989,03,23,3.1,15.0,44.0,8.0,0.1,1.3,1.5,7.5,0.0,0.1,6.4,0.0,2.8,2.0,10.3
1989/03/30 07:18,1989,03,30,3.1,14.9,41.0,7.8,0.1,0.9,1.4,7.2,0.1,0.1,6.5,0.0,2.5,2.0,9.1
1989/04/06 06:26,1989,04,06,3.8,12.1,36.0,7.9,0.1,0.6,1.3,6.6,0.0,0.0,6.7,0.0,4.4,2.0,9.1
1989/04/13 07:40,1989,04,13,4.2,13.4,44.0,8.1,0.1,0.7,1.4,7.2,0.0,0.0,6.3,0.0,4.3,2.0,11.6
1989/04/20 06:40,1989,04,20,3.1,13.7,43.0,6.9,0.2,1.1,1.2,6.3,0.0,0.1,6.5,0.0,3.3,2.0,12.8
1989/04/27 10:45,1989,04,27,3.6,13.6,45.0,7.4,0.1,0.7,1.3,7.2,0.0,0.0,6.3,0.0,4.3,2.0,12.8
1989/05/04 06:35,1989,05,04,3.9,12.7,38.0,8.9,0.1,0.7,1.5,7.4,0.0,0.1,6.7,0.0,3.8,2.0,8.4
1989/05/11 07:20,1989,05,11,1.7,8.1,23.0,5.1,0.1,0.8,0.5,3.5,0.0,0.1,5.8,0.0,1.1,2.0,2.0
1989/05/18 10:00,1989,05,18,2.8,10.1,28.0,5.9,0.1,0.5,1.0,3.5,0.0,0.0,6.4,0.0,2.0,2.0,6.2
1989/05/25 07:49,1989,05,25,3.2,14.2,39.0,8.5,0.2,0.5,1.4,6.7,0.1,0.0,6.9,0.0,3.8,2.0,9.0
1989/06/01 09:25,1989,06,01,2.1,9.5,26.0,5.7,0.1,0.7,1.0,4.6,0.1,0.0,6.5,0.0,2.4,2.0,4.1
1989/06/08 11:00,1989,06,08,2.6,10.7,32.0,7.4,0.1,0.5,1.3,5.6,0.0,0.0,6.5,0.0,3.7,2.0,6.8
1989/06/15 11:12,1989,06,15,4.1,12.3,41.0,8.2,0.1,0.6,1.4,6.7,0.1,0.0,6.9,0.0,3.7,2.0,10.6
1989/06/22 11:55,1989,06,22,5.2,11.4,37.0,7.0,0.1,0.6,1.4,6.0,0.0,0.0,7.1,0.0,3.4,2.0,9.5
1989/06/29 10:43,1989,06,29,1.1,5.6,17.0,3.2,0.1,0.4,0.5,2.8,0.1,0.0,6.2,0.0,1.7,2.0,4.7
1989/07/06 08:10,1989,07,06,0.5,7.2,18.0,4.7,0.1,0.6,0.5,4.2,0.1,0.1,6.1,0.0,1.6,2.0,2.0
1989/07/13 07:26,1989,07,13,1.7,10.8,26.0,6.2,0.1,0.4,1.0,5.6,0.1,0.0,6.5,0.0,3.3,2.0,5.0
1989/07/20 07:28,1989,07,20,1.5,8.3,24.0,5.1,0.1,0.6,0.5,4.6,0.1,0.0,7.0,0.0,2.3,2.0,5.1
1989/07/27 07:25,1989,07,27,0.5,7.4,24.0,4.0,0.2,0.6,0.5,3.9,0.1,0.1,5.9,0.0,2.1,2.0,6.6
1989/08/03 07:25,1989,08,03,1.5,9.8,25.0,4.7,0.1,0.5,0.5,5.2,0.1,0.0,6.2,0.0,2.0,2.0,2.0
1989/08/10 07:34,1989,08,10,1.5,10.8,27.0,5.2,0.1,0.6,0.5,5.9,0.1,0.1,6.3,0.0,3.0,2.0,2.0
1989/08/17 10:14,1989,08,17,2.1,14.3,33.0,6.2,0.1,0.5,1.0,6.9,0.1,0.2,6.5,0.0,3.1,4.2,2.0
1989/08/24 10:20,1989,08,24,2.3,12.8,35.0,6.1,0.1,0.6,0.5,6.9,0.1,0.1,6.4,0.0,3.4,2.0,6.5
1989/08/31 10:49,1989,08,31,1.1,10.2,23.0,4.3,0.1,0.5,0.5,5.1,0.1,0.1,5.9,0.0,2.1,2.0,2.0
1989/09/07 10:41,1989,09,07,1.1,9.2,21.0,4.0,0.1,0.4,0.5,4.7,0.1,0.0,6.6,0.0,1.6,2.0,2.0
1989/09/14 08:14,1989,09,14,2.1,12.7,29.0,5.9,0.1,0.2,1.0,5.7,0.1,0.0,6.7,0.0,2.9,2.0,2.0
1989/09/21 07:45,1989,09,21,0.5,7.7,22.0,3.5,0.1,0.4,0.5,3.6,0.1,0.0,5.5,0.0,1.0,5.2,2.0
1989/09/28 06:38,1989,09,28,1.9,13.2,32.0,6.0,0.1,0.4,1.0,6.7,0.1,0.0,6.3,0.0,2.9,2.0,4.7
1989/10/05 07:06,1989,10,05,2.7,13.7,35.0,6.4,0.1,0.3,1.1,6.6,0.1,0.0,6.5,0.0,3.2,2.0,6.1
1989/10/12 07:04,1989,10,12,2.2,13.7,37.0,6.5,0.1,0.5,1.2,7.3,0.1,0.0,6.4,0.0,3.4,2.0,7.5
1989/10/19 10:11,1989,10,19,2.0,12.9,34.0,6.6,0.1,0.5,1.1,7.6,0.1,0.0,7.1,0.0,3.2,2.0,7.7
1989/10/26 07:17,1989,10,26,3.0,12.8,36.0,7.5,0.1,0.5,1.5,8.7,0.1,0.0,6.6,0.0,3.6,2.0,6.4
1989/11/02 07:04,1989,11,02,2.5,12.4,42.0,7.2,0.1,0.5,1.1,6.7,0.0,0.1,6.9,0.0,3.5,2.0,13.6
1989/11/09 07:12,1989,11,09,2.3,13.4,38.0,7.1,0.1,0.4,1.0,5.3,0.1,0.1,6.7,0.0,2.7,2.0,11.0
1989/11/16 07:41,1989,11,16,2.5,13.9,43.0,7.0,0.1,0.5,1.2,6.3,0.1,0.1,6.7,0.0,2.8,2.0,13.5
1989/11/23 06:43,1989,11,23,2.3,12.8,35.0,6.8,0.1,0.4,1.0,5.7,0.1,0.1,6.7,0.0,2.8,2.0,8.3
1989/11/30 07:20,1989,11,30,2.8,14.8,41.0,7.5,0.1,0.5,1.3,6.3,0.1,0.1,6.7,0.0,2.6,2.0,12.0
1989/12/07 06:31,1989,12,07,2.8,12.3,43.0,7.7,0.3,1.0,1.5,7.7,0.1,0.2,6.6,0.0,1.6,2.0,11.9
1989/12/14 07:15,1989,12,14,3.2,15.8,41.0,7.6,0.1,0.7,1.2,6.3,0.1,0.1,6.6,0.0,1.7,2.0,9.2
1989/12/21 05:22,1989,12,21,2.8,16.7,41.0,7.7,0.1,0.6,1.5,5.9,0.1,0.1,6.5,0.0,1.0,2.0,9.2
1989/12/28 05:41,1989,12,28,3.0,16.7,46.0,8.0,0.1,0.7,1.5,6.3,0.1,0.1,6.8,0.0,1.1,2.0,12.9
1990/01/04 06:45,1990,01,04,2.7,14.5,41.0,7.7,0.1,0.8,1.9,7.5,0.1,0.1,6.9,0.0,0.8,2.0,8.2
1990/01/11 07:03,1990,01,11,2.4,16.3,43.0,8.1,0.1,0.9,1.9,8.6,0.1,0.1,6.7,0.0,1.7,2.0,8.1
1990/01/18 07:21,1990,01,18,2.6,14.8,43.0,7.8,0.1,0.8,2.0,7.5,0.1,0.1,6.9,0.0,1.0,2.0,9.3
1990/01/26 07:26,1990,01,26,2.8,15.2,42.0,7.9,0.1,0.8,2.0,7.6,0.1,0.1,7.1,0.0,1.0,2.0,8.6
1990/02/01 07:11,1990,02,01,2.2,15.4,45.0,8.1,0.2,0.8,1.9,8.3,0.1,0.1,6.8,0.0,1.1,4.2,9.4
1990/02/08 06:48,1990,02,08,2.5,15.8,45.0,8.3,0.1,0.9,2.0,8.2,0.1,0.1,6.7,0.0,0.7,2.0,9.7
1990/02/15 07:15,1990,02,15,2.5,16.2,44.0,8.5,0.1,0.7,2.0,8.3,0.1,0.0,6.7,0.0,0.9,2.0,8.8
1990/02/22 07:00,1990,02,22,1.6,11.4,36.0,6.1,0.1,0.8,1.7,5.9,0.1,0.1,6.2,0.0,2.0,2.0,9.0
1990/03/15 07:03,1990,03,15,2.2,16.6,43.0,8.6,0.1,0.8,2.3,7.6,0.1,0.1,6.5,0.0,1.0,4.9,6.4
1990/03/22 06:42,1990,03,22,2.0,17.7,42.0,8.5,0.1,0.9,2.3,7.6,0.1,0.1,6.4,0.0,1.1,4.0,5.6
1990/03/29 06:35,1990,03,29,2.2,16.8,39.0,10.4,0.1,0.8,2.0,7.4,0.1,0.1,7.0,0.0,1.4,4.4,4.5
1990/04/05 06:56,1990,04,05,2.2,16.2,42.0,9.7,0.1,0.8,1.9,7.3,0.1,0.1,6.9,0.0,2.3,4.5,6.7
1990/04/12 06:56,1990,04,12,2.5,16.4,43.0,9.9,0.1,0.9,1.9,7.2,0.0,0.1,7.0,0.0,2.5,4.6,7.8
1990/04/19 06:55,1990,04,19,3.9,14.6,49.0,9.1,0.1,0.9,1.8,7.1,0.0,0.1,7.1,0.0,4.8,4.3,12.9
1990/04/26 06:47,1990,04,26,0.5,6.1,22.0,4.6,0.1,0.5,1.0,3.1,0.1,0.0,5.5,0.0,1.6,4.6,5.0
1990/05/03 07:00,1990,05,03,0.5,5.9,18.0,4.1,0.1,0.5,0.5,2.4,0.0,0.0,5.7,0.0,1.9,4.2,2.0
1990/05/10 07:18,1990,05,10,0.5,7.5,20.0,4.5,0.1,0.5,0.5,3.7,0.0,0.0,6.1,0.0,3.3,2.0,2.0
1990/05/17 07:32,1990,05,17,1.6,12.5,33.0,7.8,0.1,0.9,1.4,5.5,0.6,0.1,6.9,0.0,5.0,2.0,5.3
1990/05/24 06:55,1990,05,24,0.5,8.8,19.0,4.1,0.1,0.4,0.5,4.2,0.1,0.0,5.9,0.0,2.4,2.0,2.0
1990/05/31 06:56,1990,05,31,0.5,8.9,19.0,4.2,0.1,0.4,1.0,4.6,0.1,0.0,5.9,0.0,3.0,2.0,2.0
1990/06/07 06:57,1990,06,07,0.5,8.4,18.0,4.1,0.1,0.4,0.5,4.0,0.1,0.0,5.6,0.0,2.2,2.0,2.0
1990/06/14 07:00,1990,06,14,0.5,9.0,20.0,4.1,0.1,0.5,0.5,4.3,0.0,0.0,5.9,0.0,2.8,2.0,2.0
1990/06/21 06:57,1990,06,21,0.5,11.3,24.0,4.1,0.2,0.5,0.5,4.3,0.1,0.1,5.6,0.0,2.7,2.0,2.0
1990/06/28 06:49,1990,06,28,0.5,10.2,21.0,4.1,0.1,0.5,0.5,4.5,0.1,0.0,5.9,0.0,3.0,2.0,2.0
1990/07/05 07:00,1990,07,05,3.9,8.3,26.0,4.6,0.1,0.2,0.5,2.6,0.1,0.0,6.8,0.0,1.3,2.0,6.9
1990/07/12 07:02,1990,07,12,0.5,7.1,17.0,3.0,0.1,0.3,0.5,2.8,0.1,0.0,5.5,0.0,1.3,2.0,2.0
1990/07/19 06:55,1990,07,19,0.5,7.7,24.0,4.6,0.1,0.5,1.6,2.7,0.0,0.0,5.2,0.0,1.6,6.1,2.0
1990/07/26 07:00,1990,07,26,0.5,8.4,25.0,4.7,0.1,0.4,1.7,3.8,0.0,0.1,5.6,0.0,2.7,5.5,2.0
1990/08/02 06:52,1990,08,02,0.5,7.5,23.0,4.4,0.1,0.4,1.7,3.0,0.0,0.1,5.6,0.0,1.8,5.6,2.0
1990/08/09 07:40,1990,08,09,0.5,8.5,25.0,4.7,0.1,0.4,1.7,3.6,0.0,0.1,5.7,0.0,2.4,5.6,2.0
1990/08/16 07:23,1990,08,16,1.2,9.3,27.0,5.3,0.1,0.4,1.8,3.8,0.0,0.1,6.2,0.0,3.0,6.0,2.0
1990/08/23 07:38,1990,08,23,0.5,8.8,26.0,5.0,0.1,0.4,1.8,4.0,0.0,0.1,5.5,0.0,3.1,5.9,2.0
1990/08/30 07:06,1990,08,30,0.5,9.3,27.0,4.9,0.1,0.4,1.8,4.0,0.1,0.1,5.4,0.0,3.1,6.0,2.0
1990/09/06 07:02,1990,09,06,0.5,9.4,24.0,4.1,0.1,0.2,1.4,3.7,0.0,0.0,5.8,0.0,2.6,2.0,4.0
1990/09/13 07:00,1990,09,13,,,,3.5,,,,,,,5.2,,,,
1990/09/20 07:20,1990,09,20,3.4,13.0,39.0,7.8,0.1,0.4,1.9,6.0,0.0,0.1,6.6,0.0,3.7,2.0,8.3
1990/10/04 07:00,1990,10,04,3.3,14.5,43.0,8.0,0.1,0.3,2.3,7.3,0.1,0.1,6.5,0.0,3.8,2.0,8.5
1990/10/11 07:11,1990,10,11,,,,5.8,,,,,,,6.6,,,,
1990/10/18 07:57,1990,10,18,2.1,12.8,37.0,6.9,0.1,0.4,1.9,6.6,0.1,0.1,6.4,0.0,4.0,2.0,7.9
1990/10/25 07:04,1990,10,25,,,,7.3,,,,,,,7.0,,,,
1990/11/08 07:12,1990,11,08,,,,6.5,,,,,,,6.4,,,,
1990/11/10 11:06,1990,11,10,2.3,13.2,36.0,7.1,0.1,0.4,2.1,5.8,0.1,0.1,6.3,0.0,2.8,2.0,7.0
1990/11/29 06:56,1990,11,29,2.6,12.9,38.0,6.9,0.1,0.5,2.2,5.7,0.1,0.1,6.4,0.0,1.7,2.0,7.7
1990/12/06 07:03,1990,12,06,2.3,13.0,36.0,7.1,0.1,0.5,2.3,5.7,0.1,0.1,6.3,0.0,1.2,4.0,6.2
1990/12/13 07:04,1990,12,13,,,,5.0,,,,,,,6.7,,,,
1990/12/20 07:08,1990,12,20,1.7,14.5,35.0,6.4,0.1,0.4,2.3,5.6,0.1,0.0,6.4,0.0,1.1,4.5,4.7
1990/12/27 07:10,1990,12,27,,,,4.6,,,,,,,6.7,,,,
1991/01/03 07:05,1991,01,03,2.2,14.5,37.8,7.1,0.1,0.4,2.0,6.0,0.1,0.0,6.3,0.0,1.2,4.1,6.8
1991/01/10 07:09,1991,01,10,1.9,14.7,37.6,7.1,0.1,0.3,2.0,6.0,0.1,0.0,6.5,0.0,0.9,2.0,8.5
1991/01/17 07:09,1991,01,17,2.0,14.9,38.6,7.5,0.1,0.4,2.1,6.4,0.1,0.0,6.4,0.0,1.0,2.0,8.7
1991/01/24 07:14,1991,01,24,1.9,15.3,33.5,7.3,0.1,0.4,2.1,6.5,0.1,0.0,6.4,0.0,0.9,2.0,4.2
1991/01/31 07:12,1991,01,31,2.0,16.7,40.2,7.8,0.2,0.5,2.2,6.8,0.1,0.0,6.8,0.0,1.0,4.1,6.1
1991/02/07 07:20,1991,02,07,2.8,17.8,47.7,8.4,0.1,0.5,2.3,6.8,0.1,0.0,6.5,0.0,0.9,4.1,10.7
1991/02/14 07:10,1991,02,14,2.4,16.9,39.7,8.3,0.1,0.4,2.3,6.7,0.1,0.0,6.6,0.0,0.8,2.0,6.9
1991/02/21 07:18,1991,02,21,2.2,14.8,36.7,8.0,0.1,0.4,2.2,6.9,0.1,0.1,6.9,0.0,1.0,2.0,6.1
1991/02/28 07:10,1991,02,28,2.7,15.2,36.0,7.6,0.1,0.6,1.8,7.0,0.1,0.2,6.9,0.0,0.8,2.0,4.2
1991/03/06 07:50,1991,03,06,2.5,14.8,35.0,7.5,0.1,0.5,1.8,6.5,0.1,0.1,7.0,0.0,1.0,2.0,4.0
1991/03/14 07:34,1991,03,14,,,,6.3,,,,,,,6.9,,,,
1991/03/21 07:11,1991,03,21,2.6,18.4,43.0,8.0,0.1,0.7,2.7,6.8,0.1,0.1,6.9,0.0,0.8,2.0,5.9
1991/03/28 07:11,1991,03,28,,,,6.5,,,,,,,6.6,,,,
1991/04/04 07:20,1991,04,04,2.9,16.0,38.0,7.9,0.1,0.6,1.9,7.4,0.1,0.2,6.8,0.0,1.5,2.0,4.7
1991/04/11 07:13,1991,04,11,,,,8.1,,,,,,,7.0,,,,
1991/04/18 07:05,1991,04,18,,,,8.4,,,,,,,7.5,,,,
1991/04/25 07:11,1991,04,25,3.2,15.7,38.0,8.4,0.1,0.4,2.0,7.3,0.1,0.2,6.2,0.0,2.1,4.1,2.0
1991/05/02 07:11,1991,05,02,3.2,16.1,38.0,8.6,0.1,0.5,2.0,7.4,0.1,0.1,6.2,0.0,1.8,4.0,2.0
1991/05/06 08:15,1991,05,06,,,,8.5,,,,,,,7.7,,,,
1991/05/09 06:54,1991,05,09,,,,8.5,,,,,,,7.6,,,,
1991/05/23 07:04,1991,05,23,0.5,9.6,20.0,4.9,0.1,0.4,1.3,3.3,0.0,0.1,5.7,0.0,1.3,2.0,2.0
1991/05/30 07:12,1991,05,30,,,,5.8,,,,,,,7.6,,,,
1991/06/06 07:00,1991,06,06,,,,5.5,,,,,,,7.6,,,,
1991/06/13 07:09,1991,06,13,,,,7.9,,,,,,,7.0,,,,
1991/06/20 07:00,1991,06,20,3.8,14.0,39.0,8.1,0.1,0.5,1.4,5.7,0.1,0.1,6.5,0.0,3.6,4.3,7.5
1991/06/27 07:09,1991,06,27,,,,5.1,,,,,,,5.5,,,,
1991/07/04 07:06,1991,07,04,,,,6.6,,,,,,,7.2,,,,
1991/07/11 07:07,1991,07,11,,,,3.9,,,,,,,6.6,,,,
1991/07/18 07:14,1991,07,18,1.6,12.3,28.0,6.2,0.1,0.4,1.1,4.8,0.1,0.0,6.0,0.0,3.3,4.0,2.0
1991/07/25 07:03,1991,07,25,,,,6.2,,,,,,,6.6,,,,
1991/08/01 08:49,1991,08,01,,,,6.4,,,,,,,6.9,,,,
1991/08/08 08:20,1991,08,08,,,,5.9,,,,,,,6.7,,,,
1991/08/15 07:59,1991,08,15,,,,5.2,,,,,,,7.4,,,,
1991/08/22 07:56,1991,08,22,1.8,13.2,35.0,6.4,0.1,0.4,1.4,5.6,0.1,0.1,6.2,0.0,3.6,4.5,6.0
1991/08/29 08:00,1991,08,29,1.8,10.1,24.0,5.2,0.1,0.4,2.1,4.8,0.0,0.1,6.3,0.0,2.7,2.0,2.0
1991/09/05 07:40,1991,09,05,,,,5.5,,,,,,,6.5,,,,
1991/09/12 07:58,1991,09,12,,,,6.3,,,,,,,6.6,,,,
1991/09/19 08:09,1991,09,19,0.5,6.4,15.0,3.6,0.1,0.2,1.8,2.5,0.0,0.0,5.8,0.0,1.8,2.0,2.0
1991/09/26 07:57,1991,09,26,,,,6.3,,,,,,,6.6,,,,
1991/10/03 07:00,1991,10,03,,,,7.9,,,,,,,6.8,,,,
1991/10/10 07:00,1991,10,10,,,,8.3,,,,,,,6.6,,,,
1991/10/17 07:17,1991,10,17,3.4,13.9,39.0,8.9,0.1,0.2,3.0,7.5,0.0,0.2,6.3,0.0,3.5,2.0,5.1
1991/10/24 07:03,1991,10,24,,,,10.0,,,,,,,7.3,,,,
1991/10/31 07:07,1991,10,31,,,,9.2,,,,,,,7.6,,,,
1991/11/07 07:09,1991,11,07,,,,6.9,,,,,,,7.4,,,,
1991/11/14 06:41,1991,11,14,3.0,14.4,46.0,9.0,0.1,0.4,1.9,6.8,0.4,0.1,7.4,0.0,3.0,2.0,12.1
1991/11/21 06:46,1991,11,21,,,,10.7,,,,,,,7.7,,,,
1991/11/21 07:12,1991,11,21,,,,8.6,,,,,,,7.6,,,,
1991/11/28 07:00,1991,11,28,,,,8.1,,,,,,,7.6,,,,
1991/12/03 07:09,1991,12,03,,,,8.6,,,,,,,7.4,,,,
1991/12/12 07:10,1991,12,12,,,,7.9,,,,,,,7.5,,,,
1991/12/19 07:12,1991,12,19,6.3,13.2,57.0,10.2,0.1,1.4,1.7,5.8,0.2,0.6,7.5,0.0,1.0,2.0,18.1
1992/01/02 07:09,1992,01,02,,,,9.4,,,,,,,6.7,,,,
1992/01/09 07:21,1992,01,09,,,,8.0,,,,,,,6.8,,,,
1992/01/16 07:10,1992,01,16,3.0,15.0,44.0,8.0,0.1,0.8,2.3,4.5,0.1,0.2,7.5,0.0,1.0,8.8,7.2
1992/01/23 07:07,1992,01,23,,,,8.1,,,,,,,6.7,,,,
1992/01/30 07:16,1992,01,30,3.4,14.6,47.0,8.3,0.1,0.8,2.5,4.5,0.1,0.2,7.6,0.0,0.8,9.0,8.9
1992/02/06 07:17,1992,02,06,,,,8.0,,,,,,,6.8,,,,
1992/02/13 07:20,1992,02,13,3.0,14.7,42.0,8.3,0.1,0.8,2.5,5.0,0.1,0.2,7.5,0.0,0.8,9.1,4.7
1992/02/20 07:23,1992,02,20,2.7,11.0,53.0,8.1,0.1,0.9,2.6,5.2,0.1,0.1,6.2,0.0,1.0,2.0,21.7
1992/02/27 11:00,1992,02,27,3.1,9.7,43.0,8.1,0.2,0.9,2.1,5.6,0.1,0.1,6.5,0.0,1.9,5.6,12.5
1992/03/05 11:35,1992,03,05,3.3,10.0,43.0,8.8,0.2,1.0,2.2,5.3,0.0,0.1,6.6,0.0,1.3,5.3,12.2
1992/03/12 11:10,1992,03,12,3.7,9.6,40.0,9.1,0.1,0.9,2.4,5.3,0.1,0.1,6.9,0.0,1.8,2.0,11.3
1992/03/19 10:45,1992,03,19,3.3,9.2,43.0,8.4,0.1,0.9,2.2,5.7,0.1,0.2,6.3,0.0,1.4,6.8,11.2
1992/03/26 10:57,1992,03,26,3.6,9.8,42.0,8.7,0.1,0.9,2.2,5.0,0.1,0.1,7.6,0.0,1.3,2.0,12.8
1992/04/02 12:03,1992,04,02,2.7,10.8,38.0,8.2,0.1,0.7,1.7,5.4,0.1,0.1,7.5,0.0,1.9,5.0,8.7
1992/04/16 07:06,1992,04,16,3.6,11.4,53.0,9.6,0.3,1.0,3.1,6.6,0.1,0.1,7.5,0.3,2.1,5.2,16.8
1992/04/23 11:09,1992,04,23,1.0,7.2,24.0,5.3,0.1,0.3,1.1,4.3,0.1,0.0,7.1,0.0,2.9,2.0,5.9
1992/04/30 11:43,1992,04,30,3.5,9.4,37.0,8.4,0.2,0.5,2.2,5.0,0.0,0.1,6.6,0.0,3.2,2.0,9.6
1992/05/06 11:39,1992,05,06,0.5,5.2,26.0,4.9,0.1,0.4,1.1,3.6,0.0,0.0,6.1,0.0,2.3,2.0,9.5
1992/05/14 11:08,1992,05,14,6.2,6.7,52.0,9.2,0.2,1.9,1.1,3.4,0.1,0.1,8.0,0.0,2.2,5.3,22.1
1992/05/21 10:48,1992,05,21,8.9,6.4,58.0,10.2,0.1,2.5,1.0,2.1,0.1,0.1,7.0,0.0,2.1,5.2,25.9
1992/05/28 12:20,1992,05,28,1.2,6.8,25.0,4.6,0.3,0.5,1.1,2.6,0.0,0.0,6.6,0.0,2.3,2.0,7.5
1992/06/04 11:10,1992,06,04,0.5,5.5,28.0,3.9,0.1,0.5,1.0,3.0,0.0,0.1,6.0,0.0,2.0,2.0,10.9
1992/07/02 12:38,1992,07,02,1.8,6.3,25.0,4.4,0.2,0.7,0.5,3.3,0.0,0.1,6.2,0.0,2.4,2.0,7.2
1992/07/09 12:54,1992,07,09,1.4,5.7,20.0,3.7,0.1,0.4,0.5,2.1,0.1,0.0,5.9,0.0,1.8,2.0,5.5
1992/07/16 10:45,1992,07,16,1.2,5.4,25.0,4.6,0.3,0.7,1.3,2.8,0.0,0.0,6.1,0.0,2.1,2.0,8.8
1992/07/30 11:14,1992,07,30,0.5,5.5,26.0,4.0,0.4,0.5,2.0,3.2,0.0,0.1,5.8,0.0,2.2,4.9,7.1
1992/08/06 12:13,1992,08,06,1.4,7.3,30.0,5.0,0.2,0.5,1.3,5.0,0.1,0.1,7.2,0.0,3.2,2.0,9.1
1992/09/10 16:15,1992,09,10,2.4,9.9,39.0,6.7,0.1,0.4,1.6,5.9,0.1,0.0,6.8,0.0,3.2,8.8,8.0
1992/09/17 12:09,1992,09,17,0.5,7.5,27.0,4.7,0.3,0.6,1.1,4.1,0.1,0.0,6.6,0.0,3.1,2.0,9.3
1992/10/08 12:13,1992,10,08,3.0,11.1,45.0,7.9,0.1,0.4,1.7,6.8,0.0,0.1,6.0,0.0,3.1,6.5,12.7
1992/10/15 11:34,1992,10,15,1.1,5.9,21.0,3.5,0.1,0.6,1.0,3.7,0.0,0.0,5.5,0.0,1.5,2.0,4.8
1992/10/22 11:46,1992,10,22,0.5,7.2,25.0,3.9,0.1,0.5,0.5,3.9,0.0,0.0,6.3,0.0,2.0,4.7,5.3
1992/10/29 12:23,1992,10,29,0.5,4.8,31.0,4.3,0.3,0.5,1.1,6.3,0.0,0.0,5.6,0.0,1.1,6.3,8.4
1992/11/05 11:24,1992,11,05,0.5,5.5,26.0,4.0,0.2,0.4,0.5,4.5,0.0,0.0,6.6,0.0,3.0,2.0,7.9
1992/11/12 10:10,1992,11,12,0.5,5.6,21.0,4.2,0.1,0.4,1.0,4.6,0.0,0.0,6.0,0.0,3.1,2.0,4.7
1992/11/19 12:29,1992,11,19,1.0,7.0,27.0,4.1,0.1,0.5,0.5,4.8,0.0,0.0,7.1,0.0,3.3,7.1,4.6
1992/11/26 10:47,1992,11,26,1.4,8.1,31.0,4.5,0.1,0.4,1.2,4.2,0.0,0.0,6.0,0.0,2.2,10.9,2.0
1992/12/03 12:42,1992,12,03,2.5,7.2,36.0,7.6,0.2,0.4,1.4,4.9,0.0,0.1,6.7,0.0,3.4,9.5,7.1
1992/12/10 11:11,1992,12,10,1.5,7.4,28.0,4.9,0.1,0.4,1.7,5.0,0.1,0.1,6.3,0.0,3.2,4.0,5.8
1992/12/17 11:41,1992,12,17,2.0,8.5,36.0,6.3,0.2,0.8,1.9,5.7,0.0,0.1,6.6,0.0,2.9,8.7,6.8
1992/12/24 11:57,1992,12,24,1.2,9.0,36.0,6.2,0.1,0.5,0.5,6.6,0.0,0.1,6.3,0.0,3.8,8.2,7.6
1992/12/31 11:20,1992,12,31,2.4,8.9,42.0,6.6,0.2,0.6,2.2,6.1,0.0,0.1,7.1,0.0,1.2,10.3,8.9
1993/01/07 13:20,1993,01,07,1.4,5.5,21.0,4.6,0.1,1.1,0.5,4.8,0.1,0.0,7.3,0.0,2.4,6.4,2.0
1993/01/15 09:20,1993,01,15,1.6,9.7,38.0,7.2,0.1,0.7,2.0,8.1,0.1,0.1,6.4,0.0,4.3,2.0,9.5
1993/01/21 10:57,1993,01,21,3.0,10.1,47.0,7.8,0.2,0.7,2.1,7.3,0.1,0.2,6.6,0.0,1.0,10.5,10.0
1993/02/11 11:51,1993,02,11,1.3,8.0,33.0,5.8,0.2,0.6,1.6,8.7,0.0,0.0,7.2,0.0,3.7,2.0,6.8
1993/02/18 13:47,1993,02,18,2.4,8.9,41.0,6.2,0.2,0.5,1.3,7.3,0.0,0.0,7.3,0.0,4.0,9.0,9.4
1993/02/25 09:32,1993,02,25,3.0,10.1,46.0,7.3,0.1,0.7,1.8,6.6,0.1,0.1,7.2,0.0,0.8,12.2,8.6
1993/03/04 13:16,1993,03,04,3.4,10.2,46.0,7.7,0.2,0.8,2.2,7.0,0.1,0.1,7.0,0.0,1.7,6.7,12.0
1993/03/11 09:08,1993,03,11,5.1,11.3,56.0,9.3,0.1,0.9,2.0,6.9,0.0,0.1,7.2,0.0,1.1,9.4,15.9
1993/03/18 08:58,1993,03,18,3.8,9.7,48.0,8.2,0.1,0.8,2.1,6.8,0.0,0.1,7.5,0.0,1.5,8.3,12.9
1993/03/25 08:39,1993,03,25,3.8,13.5,54.0,8.2,0.2,0.9,2.1,7.3,0.1,0.1,7.1,0.0,1.5,6.6,15.6
1993/04/08 09:14,1993,04,08,6.3,17.3,72.0,14.1,0.3,2.7,3.0,11.8,0.0,0.2,7.4,0.0,4.5,7.5,17.9
1993/05/20 10:47,1993,05,20,3.3,9.1,41.0,7.3,0.1,0.5,1.3,6.2,0.0,0.1,7.0,0.0,3.2,2.0,13.8
1993/05/27 10:38,1993,05,27,1.5,6.2,24.0,5.3,0.2,0.7,0.5,3.1,0.1,0.0,6.8,0.0,1.2,4.8,5.6
1993/06/03 10:37,1993,06,03,1.6,6.1,20.0,4.2,0.1,0.5,1.2,3.3,0.0,0.0,6.9,0.0,1.9,2.0,4.8
1993/06/10 10:01,1993,06,10,2.2,11.3,34.0,8.3,0.2,0.4,1.0,5.8,0.0,0.1,7.1,0.0,3.0,4.5,7.1
1993/06/17 12:08,1993,06,17,1.4,6.6,24.0,5.0,0.1,0.6,1.3,3.9,0.0,0.1,7.3,0.0,2.8,4.0,4.5
1993/06/24 11:08,1993,06,24,3.8,11.2,49.0,7.2,0.2,0.9,1.5,6.1,0.0,0.1,6.6,0.0,3.0,4.6,16.9
1993/07/01 09:41,1993,07,01,1.3,5.4,22.0,4.1,0.1,0.8,1.1,4.0,0.0,0.0,6.8,0.0,0.9,5.2,2.0
1993/07/08 11:19,1993,07,08,1.6,5.7,22.0,4.3,0.1,0.6,1.2,4.3,0.0,0.0,7.2,0.0,0.8,4.3,2.0
1993/08/05 10:34,1993,08,05,3.1,5.6,32.0,6.3,0.1,0.5,1.3,3.2,0.0,0.1,7.1,0.0,1.9,7.0,8.8
1993/08/12 10:39,1993,08,12,1.6,6.7,35.0,7.6,0.2,0.4,1.8,4.9,0.0,0.1,7.1,0.0,3.1,4.2,11.7
1993/08/19 08:53,1993,08,19,2.2,6.6,30.0,6.2,0.4,0.6,1.7,4.9,0.0,0.1,7.3,0.0,3.1,4.1,7.3
1993/09/09 07:25,1993,09,09,1.4,6.8,25.0,4.9,0.2,0.8,1.3,4.7,0.0,0.0,7.0,0.0,3.0,2.0,5.1
1993/09/16 07:50,1993,09,16,4.0,11.3,52.0,8.4,0.1,0.6,1.9,7.0,0.0,0.1,6.7,0.0,3.7,7.8,15.5
1993/09/23 07:43,1993,09,23,4.0,10.7,51.0,7.8,0.1,0.5,1.9,7.1,0.0,0.1,6.7,0.0,3.7,7.4,15.0
1993/09/30 10:10,1993,09,30,1.0,11.5,33.0,7.1,0.1,0.5,1.0,7.0,0.0,0.2,7.1,0.0,3.8,5.7,4.4
1993/10/07 09:43,1993,10,07,1.1,11.3,33.0,6.9,0.1,0.6,1.1,6.9,0.0,0.2,7.2,0.0,3.9,5.5,4.6
1993/10/28 08:38,1993,10,28,2.6,10.2,33.0,6.0,0.3,0.7,1.5,7.3,0.1,0.1,6.7,0.0,4.2,5.2,2.0
1993/11/04 08:57,1993,11,04,3.9,8.9,41.0,8.8,0.2,0.6,1.6,6.8,0.0,0.1,6.3,0.0,3.3,2.0,12.8
1993/11/11 09:35,1993,11,11,4.1,9.0,42.0,8.7,0.2,0.6,1.6,6.7,0.0,0.1,6.6,0.0,3.3,2.0,12.6
1993/11/18 09:11,1993,11,18,3.0,9.4,38.0,7.4,0.2,0.8,1.9,5.9,0.0,0.2,7.1,0.0,0.9,7.8,7.1
1993/11/25 15:38,1993,11,25,3.6,13.0,39.0,8.1,0.1,0.9,1.9,6.5,0.0,0.2,6.6,0.0,0.9,6.4,4.8
1993/12/16 07:26,1993,12,16,5.0,9.8,48.0,8.7,0.2,0.8,2.0,5.8,0.0,0.2,7.0,0.0,1.0,8.1,12.6
1993/12/30 08:58,1993,12,30,3.5,10.5,40.0,8.2,0.4,0.9,2.0,5.9,0.1,0.2,6.6,0.0,0.5,5.4,8.7
1994/01/01 09:16,1994,01,01,3.3,17.5,49.0,8.6,0.1,2.1,1.7,6.4,0.1,0.2,6.6,0.0,0.6,10.0,5.9
1994/01/20 09:33,1994,01,20,2.8,10.0,38.0,7.3,0.2,0.8,1.7,6.5,0.0,0.2,6.6,0.0,0.6,5.3,8.3
1994/02/17 10:23,1994,02,17,3.0,12.5,42.0,8.1,0.4,1.7,2.0,6.4,0.0,0.2,7.4,0.0,1.0,4.6,8.5
1994/02/24 13:00,1994,02,24,3.0,14.4,58.0,9.3,0.4,1.8,2.2,6.9,0.0,0.2,7.4,0.0,1.0,5.8,19.0
1994/10/13 09:25,1994,10,13,3.5,10.5,47.0,7.3,0.2,1.5,1.8,5.5,0.0,0.2,8.0,0.0,1.3,11.6,9.8
1994/10/20 09:03,1994,10,20,2.4,10.3,41.0,6.4,0.4,1.5,1.4,6.6,0.0,0.2,7.1,0.0,1.3,6.3,8.8
1994/10/27 09:08,1994,10,27,2.7,10.5,43.0,6.5,0.2,1.6,1.6,5.8,0.0,0.2,6.5,0.0,0.6,7.4,9.7
1994/11/10 09:48,1994,11,10,3.1,11.0,47.0,7.4,0.3,1.2,1.5,6.2,0.0,0.2,7.0,0.0,0.9,8.3,11.7
1994/11/17 09:26,1994,11,17,4.5,8.9,38.0,6.4,0.1,1.5,1.6,6.6,0.0,0.2,6.6,0.0,0.9,5.2,7.5
1994/12/08 09:06,1994,12,08,4.6,12.2,57.0,8.8,0.3,1.8,2.5,8.7,0.0,0.2,7.1,0.0,0.8,5.5,16.6
1994/12/15 08:47,1994,12,15,3.1,11.6,37.0,7.5,0.1,1.5,1.8,6.8,0.0,0.2,6.7,0.0,1.0,6.1,2.0
1994/12/22 08:18,1994,12,22,3.5,12.1,40.0,7.6,0.3,1.7,1.8,6.4,0.0,0.2,6.7,0.0,0.7,5.3,6.5
1994/12/29 08:13,1994,12,29,3.3,11.4,44.0,9.7,0.4,1.6,1.7,6.8,0.0,0.2,7.0,0.0,0.9,2.0,11.9
1995/01/05 08:36,1995,01,05,3.4,12.7,43.0,8.0,0.4,1.7,1.8,6.9,0.0,0.2,6.8,0.0,0.7,4.3,9.2
1995/01/12 10:30,1995,01,12,3.8,10.6,39.0,7.7,0.1,1.5,1.2,7.0,0.0,0.2,6.7,0.0,0.6,4.0,7.7
1995/01/19 11:25,1995,01,19,3.2,13.0,41.0,7.7,0.1,1.7,1.4,7.2,0.0,0.1,6.8,0.0,0.4,5.4,6.7
1995/01/26 08:20,1995,01,26,3.2,13.3,50.0,8.3,0.4,1.6,1.9,7.0,0.1,0.1,6.9,0.0,0.7,7.1,12.4
1995/02/02 10:27,1995,02,02,3.0,12.2,49.0,7.9,0.1,1.6,1.9,7.2,0.0,0.1,7.1,0.0,1.0,8.4,10.9
1995/02/09 10:06,1995,02,09,3.6,12.9,55.0,8.4,0.3,1.9,1.9,7.9,0.1,0.1,7.3,0.1,0.6,9.0,13.5
1995/02/16 09:05,1995,02,16,3.6,11.0,57.0,8.1,0.2,1.8,2.5,7.5,0.0,0.1,7.4,0.0,0.5,12.9,13.8
1995/02/23 11:35,1995,02,23,3.6,12.3,55.0,8.7,0.2,2.0,2.1,7.2,0.0,0.1,7.1,0.0,0.7,7.4,15.9
1995/03/09 10:07,1995,03,09,3.1,11.6,58.0,8.3,0.2,2.0,2.0,7.7,0.0,0.1,7.2,0.0,0.6,10.0,16.6
1995/03/16 09:18,1995,03,16,3.2,13.1,54.0,8.4,0.2,1.9,2.1,7.3,0.0,0.0,7.0,0.0,0.7,9.3,13.6
1995/03/23 08:56,1995,03,23,2.4,12.3,52.0,8.2,0.2,1.9,1.8,7.4,0.0,0.0,6.9,0.0,1.0,13.4,9.7
1995/03/25 08:07,1995,03,25,3.4,11.9,55.0,8.3,0.3,1.6,1.9,7.6,0.0,0.1,7.4,0.0,1.4,7.9,16.7
1995/03/30 09:06,1995,03,30,3.2,12.6,58.0,8.5,0.3,2.0,1.9,7.6,0.1,0.1,6.8,0.0,1.2,15.4,12.2
1995/04/13 08:22,1995,04,13,3.1,11.7,51.0,8.7,0.2,1.8,2.1,6.8,0.0,0.0,6.7,0.0,1.5,9.5,12.4
1995/04/20 08:05,1995,04,20,3.1,11.9,53.0,8.6,0.1,1.9,2.2,7.1,0.0,0.1,6.9,0.0,1.3,9.7,13.6
1995/05/04 08:25,1995,05,04,3.3,10.6,58.0,8.5,0.4,1.8,1.9,7.8,0.0,0.0,7.1,0.0,1.4,12.3,16.5
1995/05/11 11:45,1995,05,11,3.6,11.3,53.0,8.2,0.2,2.0,1.9,7.6,0.0,0.1,6.7,0.0,1.7,8.9,14.1
1995/05/18 08:48,1995,05,18,4.1,11.3,52.0,9.1,0.2,1.8,2.0,7.5,0.0,0.1,7.0,0.0,1.5,5.6,15.8
1995/06/08 08:22,1995,06,08,3.3,10.7,50.0,8.0,0.3,1.5,1.7,7.4,0.0,0.1,6.8,0.0,1.9,7.2,14.5
1995/06/15 09:04,1995,06,15,1.4,7.1,30.0,6.7,0.1,1.2,1.1,5.3,0.0,0.1,7.1,0.0,1.2,7.0,5.6
1995/06/22 09:51,1995,06,22,3.9,11.2,57.0,10.8,0.2,1.8,1.8,9.2,0.0,0.1,7.3,0.0,2.0,17.1,8.9
1995/06/29 08:22,1995,06,29,3.1,8.7,47.0,7.9,0.2,1.8,1.7,7.1,0.0,0.1,7.1,0.0,2.2,9.6,11.9
1995/07/13 08:50,1995,07,13,2.3,7.4,33.0,6.0,0.2,0.4,1.1,5.3,0.0,0.1,6.7,0.0,2.4,4.8,9.6
1995/08/17 11:10,1995,08,17,2.5,8.4,39.0,7.1,0.2,0.7,1.3,6.4,0.1,0.1,6.9,0.0,3.0,7.0,10.0
1995/08/24 10:17,1995,08,24,1.7,6.3,30.0,6.1,0.1,1.4,1.2,5.4,0.0,0.1,6.7,0.0,2.3,6.1,6.7
1995/08/31 08:56,1995,08,31,5.8,8.5,55.0,9.6,0.1,1.5,1.7,7.2,0.0,0.1,7.0,0.0,3.1,6.3,19.1
1995/09/07 11:45,1995,09,07,3.5,9.2,50.0,7.9,0.1,0.6,1.9,8.7,0.0,0.1,6.7,0.0,4.5,9.2,13.5
1995/09/14 08:50,1995,09,14,2.9,7.7,41.0,6.5,0.1,1.2,1.6,7.3,0.0,0.1,6.7,0.0,3.3,4.1,12.3
1995/09/21 08:20,1995,09,21,4.5,8.6,46.0,8.7,0.1,1.5,1.7,8.3,0.0,0.1,6.9,0.0,2.9,2.0,15.9
1995/09/28 09:18,1995,09,28,3.7,7.6,41.0,6.9,0.1,1.3,1.3,7.5,0.0,0.1,7.0,0.0,2.9,2.0,11.9
1995/10/05 07:05,1995,10,05,3.9,10.0,52.0,9.6,0.1,1.4,2.1,9.0,0.0,0.2,6.5,0.0,2.9,5.9,15.5
1995/10/12 10:00,1995,10,12,1.5,8.2,28.0,6.0,0.1,0.9,0.5,5.6,0.0,0.1,6.3,0.0,1.9,5.4,4.6
1995/10/19 09:33,1995,10,19,3.5,9.4,46.0,8.1,0.1,1.4,0.5,7.4,0.0,0.2,6.7,0.0,3.5,4.9,14.9
1995/10/26 11:17,1995,10,26,2.2,9.8,40.0,7.4,0.1,1.4,1.5,7.4,0.0,0.1,7.0,0.0,3.0,5.1,9.9
1995/11/02 10:54,1995,11,02,4.0,8.9,48.0,7.2,0.1,1.4,1.9,7.0,0.0,0.1,6.8,0.0,3.4,2.0,17.0
1995/11/09 10:06,1995,11,09,3.3,8.5,44.0,7.6,0.1,1.3,1.2,6.9,0.0,0.1,6.9,0.0,3.2,2.0,15.4
1995/11/16 11:20,1995,11,16,4.3,9.0,47.0,8.0,0.1,2.3,1.4,7.4,0.0,0.1,7.5,0.0,2.1,5.8,13.3
1995/11/30 09:30,1995,11,30,5.0,10.7,60.0,8.2,0.1,1.9,1.7,6.1,0.0,0.0,6.9,0.0,0.2,12.1,18.3
1995/12/07 10:00,1995,12,07,3.3,9.9,47.0,7.2,0.1,2.1,1.3,6.7,0.0,0.0,7.0,0.0,3.1,2.0,16.7
1995/12/28 12:07,1995,12,28,2.8,15.1,48.0,7.6,0.1,1.9,1.6,6.6,0.1,0.1,6.8,0.0,1.3,6.4,10.6
1996/01/04 08:37,1996,01,04,3.8,12.0,50.0,7.9,0.1,2.2,1.6,7.3,0.0,0.1,7.2,0.0,1.2,5.5,13.7
1996/01/11 09:28,1996,01,11,2.9,14.0,51.0,7.8,0.1,2.0,1.4,7.2,0.0,0.1,7.2,0.0,1.1,6.2,13.7
1996/01/18 11:49,1996,01,18,4.2,12.7,54.0,8.9,0.2,1.9,1.6,7.8,0.1,0.1,7.3,0.0,1.2,6.7,15.1
1996/01/25 09:07,1996,01,25,4.1,13.4,48.0,8.9,0.1,2.8,1.9,5.5,0.0,0.1,7.2,0.0,0.9,5.6,11.4
1996/02/01 11:44,1996,02,01,3.4,11.7,38.0,7.4,0.1,2.8,2.0,5.5,0.1,0.1,6.7,0.0,0.9,2.0,8.0
1996/02/08 11:03,1996,02,08,3.3,12.9,39.0,7.5,0.1,2.7,1.9,6.2,0.1,0.1,7.0,0.0,0.8,2.0,6.6
1996/02/15 10:00,1996,02,15,4.5,11.6,46.0,8.3,0.2,1.6,1.8,7.3,0.1,0.1,7.1,0.0,1.8,4.3,11.7
1996/02/22 09:03,1996,02,22,3.5,12.9,50.0,7.7,0.2,1.3,1.9,7.6,0.1,0.1,7.4,0.0,1.4,5.0,13.8
1996/02/22 09:04,1996,02,22,2.9,13.5,47.0,8.6,0.2,1.6,1.7,7.4,0.0,0.1,7.3,0.0,1.3,5.8,10.8
1996/02/29 10:00,1996,02,29,4.3,11.3,48.0,9.3,0.1,3.4,1.6,8.0,0.0,0.1,6.8,0.0,1.8,5.4,10.8
1996/03/07 08:00,1996,03,07,3.8,9.8,43.0,8.2,0.1,2.2,2.1,8.1,0.1,0.1,6.9,0.0,1.9,4.7,9.3
1996/03/14 10:00,1996,03,14,4.5,16.5,49.0,8.7,0.1,2.4,1.7,8.1,0.0,0.1,7.0,0.0,1.8,4.1,9.2
1996/03/21 08:16,1996,03,21,4.1,17.4,51.0,9.0,0.1,2.5,1.9,8.8,0.0,0.1,7.0,0.0,1.2,2.0,9.5
1996/03/28 14:00,1996,03,28,3.7,12.3,45.0,8.9,0.1,2.2,1.8,7.6,0.0,0.1,6.7,0.0,1.9,4.2,10.3
1996/04/04 12:14,1996,04,04,3.9,12.6,53.0,8.8,0.2,2.2,1.9,7.6,0.0,0.1,6.9,0.0,1.3,8.0,13.1
1996/04/11 09:38,1996,04,11,3.8,12.0,46.0,8.0,0.1,0.8,1.6,7.6,0.0,0.1,6.9,0.0,1.5,4.8,11.8
1996/04/18 11:53,1996,04,18,2.4,9.2,30.0,6.3,0.2,1.5,1.5,5.2,0.0,0.0,6.4,0.0,0.8,2.0,5.8
1996/04/25 10:16,1996,04,25,4.5,7.9,44.0,7.8,0.1,2.8,1.8,6.7,0.0,0.1,6.8,0.0,3.4,4.2,12.7
1996/05/02 09:08,1996,05,02,4.2,9.4,49.0,8.1,0.2,1.8,1.8,8.6,0.0,0.1,7.1,0.0,3.5,7.3,12.7
1996/05/09 10:15,1996,05,09,4.3,11.7,48.0,8.3,0.2,0.6,1.8,6.2,0.0,0.1,6.9,0.0,3.7,7.5,12.6
1996/05/16 11:00,1996,05,16,4.7,11.4,51.0,8.1,0.2,2.1,1.5,5.9,0.0,0.1,7.1,0.0,3.5,5.1,16.1
1996/05/23 09:20,1996,05,23,5.0,11.0,48.0,8.9,0.1,2.7,1.9,3.6,0.0,0.1,7.1,0.0,5.1,4.1,15.2
1996/05/30 08:15,1996,05,30,4.6,7.3,45.0,8.3,0.1,1.8,2.0,5.6,0.0,0.2,7.0,0.0,3.5,5.3,14.4
1996/06/06 08:02,1996,06,06,3.9,10.2,44.0,8.2,0.1,2.1,2.1,5.1,0.0,0.1,6.9,0.0,3.5,2.0,13.7
1996/06/13 12:52,1996,06,13,3.5,9.5,45.0,7.7,0.1,1.2,2.0,4.8,0.0,0.2,6.6,0.0,2.9,7.5,12.5
1996/06/20 10:07,1996,06,20,4.1,7.6,41.0,8.9,0.1,0.6,1.6,6.8,0.0,0.3,6.6,0.0,3.7,5.1,11.5
1996/06/27 08:22,1996,06,27,3.8,9.4,43.0,8.0,0.1,0.5,1.4,6.7,0.0,0.2,7.0,0.0,3.5,9.0,9.4
1996/07/04 12:51,1996,07,04,4.2,8.1,42.0,7.9,0.1,0.7,1.6,7.0,0.0,0.2,7.1,0.0,3.2,2.0,13.1
1996/07/11 14:09,1996,07,11,3.0,8.7,39.0,7.4,0.1,0.8,1.4,6.5,0.0,0.2,6.8,0.0,3.1,2.0,12.0
1996/07/18 10:00,1996,07,18,3.7,9.3,45.0,8.4,0.1,0.7,1.8,7.2,0.0,0.3,6.9,0.0,3.1,2.0,14.8
1996/07/25 09:45,1996,07,25,2.4,9.2,36.0,6.7,0.1,0.8,1.5,5.5,0.0,0.2,6.9,0.0,1.1,4.1,9.7
1996/08/08 10:03,1996,08,08,4.4,9.0,48.0,9.0,0.1,0.6,1.6,6.8,0.0,0.3,7.0,0.0,3.5,7.3,13.8
1996/08/15 11:42,1996,08,15,4.8,10.5,48.0,8.3,0.1,0.8,1.7,5.8,0.0,0.3,6.7,0.0,3.5,2.0,16.4
1996/08/22 09:21,1996,08,22,5.5,11.2,58.0,9.0,0.1,1.2,2.0,6.4,0.0,0.3,6.7,0.0,3.5,5.2,20.3
1996/08/29 09:14,1996,08,29,4.7,8.4,48.0,8.3,0.1,0.2,1.8,4.0,0.0,0.3,6.6,0.0,3.5,2.0,19.9
1996/09/05 11:43,1996,09,05,7.3,9.0,51.0,9.2,0.1,0.2,4.6,4.4,0.0,0.4,6.2,0.0,3.6,6.1,14.6
1996/09/12 10:22,1996,09,12,4.7,8.7,47.0,9.7,0.1,0.7,2.1,7.8,0.0,0.4,6.8,0.1,3.5,2.0,13.8
1996/09/19 12:00,1996,09,19,2.6,9.7,39.0,7.1,0.1,0.6,1.3,6.3,0.0,0.2,6.5,0.0,2.9,4.1,11.1
1996/09/26 10:38,1996,09,26,0.5,6.4,30.0,3.9,0.1,0.6,0.5,4.4,0.0,0.1,5.7,0.0,1.7,5.8,8.6
1996/10/03 11:23,1996,10,03,2.7,8.2,36.0,7.1,0.1,0.6,1.5,6.2,0.0,0.2,6.5,0.0,3.1,2.0,12.7
1996/10/10 09:16,1996,10,10,4.5,10.3,51.0,9.1,0.1,0.7,2.2,7.8,0.0,0.4,6.3,0.0,3.5,2.0,17.8
1996/10/17 10:22,1996,10,17,2.6,9.1,37.0,6.3,0.1,0.5,1.1,5.8,0.0,0.1,6.7,0.1,3.2,2.0,11.6
1996/10/24 09:54,1996,10,24,2.0,7.0,32.0,4.5,0.1,0.4,0.5,4.1,0.0,0.1,6.5,0.0,1.9,2.0,12.3
1996/10/31 09:18,1996,10,31,3.0,9.5,39.0,6.4,0.1,0.9,1.5,6.5,0.0,0.2,6.9,0.0,3.0,2.0,12.1
1996/11/07 09:33,1996,11,07,2.5,8.5,39.0,6.1,0.1,0.5,1.1,6.8,0.1,0.2,7.1,0.0,3.2,2.0,13.0
1996/11/14 08:22,1996,11,14,3.4,9.1,45.0,7.3,0.1,0.7,1.4,7.8,0.0,0.3,7.0,0.0,3.6,2.0,14.3
1996/11/21 07:50,1996,11,21,4.4,9.1,41.0,6.8,0.1,0.5,1.5,6.0,0.0,0.2,7.4,0.0,2.9,5.0,11.5
1996/11/28 05:00,1996,11,28,4.7,9.3,48.0,8.0,0.1,0.6,1.6,6.8,0.0,0.2,7.1,0.0,3.3,2.0,17.4
1996/12/05 10:27,1996,12,05,4.2,9.7,41.0,7.3,0.1,0.6,1.3,6.5,0.0,0.1,7.2,0.0,3.2,2.0,13.0
1996/12/12 09:08,1996,12,12,4.3,10.3,51.0,8.5,0.1,0.6,1.7,7.7,0.0,0.3,7.4,0.0,3.5,2.0,17.1
1996/12/19 09:08,1996,12,19,3.6,9.3,43.0,7.7,0.1,0.7,1.8,7.5,0.0,0.3,7.4,0.0,3.3,6.7,9.7
1996/12/26 10:00,1996,12,26,4.1,10.3,48.0,8.1,0.1,0.9,1.9,8.3,0.1,0.3,6.7,0.0,3.5,4.8,13.3
1997/01/02 08:55,1997,01,02,4.2,8.3,47.0,7.5,0.1,0.7,2.0,7.4,0.0,0.3,6.9,0.0,3.4,5.4,14.4
1997/01/09 05:00,1997,01,09,5.3,7.4,48.0,7.9,0.1,0.6,1.9,6.7,0.0,0.2,7.0,0.0,3.3,5.3,16.3
1997/01/16 10:40,1997,01,16,3.6,9.0,41.0,7.9,0.1,0.7,1.6,6.7,0.0,0.2,6.9,0.0,1.4,2.0,14.7
1997/01/23 10:00,1997,01,23,3.3,9.0,42.0,7.7,0.1,0.7,1.6,6.7,0.0,0.2,6.8,0.0,1.2,2.0,15.5
1997/01/30 09:55,1997,01,30,3.6,8.9,41.0,7.3,0.1,0.6,1.5,5.6,0.0,0.2,6.9,0.0,1.2,2.0,16.1
1997/02/06 08:00,1997,02,06,5.3,9.1,47.0,8.7,0.2,0.7,1.7,6.4,0.0,0.2,7.1,0.0,1.4,2.0,17.7
1997/02/06 08:03,1997,02,06,2.8,10.3,41.0,7.0,0.1,0.6,1.4,6.8,0.0,0.2,7.0,0.0,1.1,4.5,11.1
1997/02/13 08:50,1997,02,13,3.4,10.5,40.0,7.5,0.1,0.6,1.4,7.2,0.0,0.2,7.1,0.0,2.4,4.6,9.6
1997/02/20 09:39,1997,02,20,2.9,9.8,41.0,7.6,0.1,0.7,1.7,6.9,0.1,0.2,7.0,0.0,1.4,4.8,11.2
1997/02/27 10:00,1997,02,27,13.2,9.0,82.0,12.1,0.1,0.7,2.0,7.2,0.0,0.2,8.0,0.0,1.3,5.3,36.0
1997/03/06 08:38,1997,03,06,3.5,12.6,43.0,7.6,0.1,0.6,1.7,6.5,0.0,0.2,7.0,0.0,1.4,5.5,9.4
1997/03/13 13:27,1997,03,13,2.9,12.4,47.0,7.7,0.1,0.7,1.7,6.5,0.1,0.2,6.8,0.0,1.1,6.7,11.9
1997/03/20 09:24,1997,03,20,2.6,11.9,42.0,7.1,0.1,0.7,1.6,6.4,0.0,0.1,6.9,0.0,1.0,5.8,10.2
1997/03/27 11:00,1997,03,27,2.8,8.9,39.0,7.4,0.1,0.6,1.6,6.7,0.1,0.1,6.9,0.0,1.3,2.0,12.0
1997/04/08 16:15,1997,04,08,5.0,20.4,89.0,13.4,0.1,1.2,3.0,14.0,0.0,0.0,7.2,0.0,0.9,19.9,20.4
1997/04/10 09:44,1997,04,10,2.8,10.8,43.0,7.2,0.1,0.8,1.9,6.4,0.1,0.1,7.0,0.0,1.3,4.0,12.9
1997/04/17 09:17,1997,04,17,3.1,11.5,43.0,8.0,0.1,0.7,2.0,6.8,0.0,0.2,6.8,0.0,1.3,2.0,14.0
1997/04/24 09:57,1997,04,24,3.1,14.3,53.0,7.8,0.1,0.8,1.9,6.9,0.0,0.1,7.1,0.0,1.0,4.1,17.0
1997/05/01 08:00,1997,05,01,3.9,10.8,56.0,8.9,0.1,0.8,2.0,7.8,0.0,0.2,7.1,0.0,2.0,6.6,18.8
1997/05/08 08:49,1997,05,08,3.1,8.8,48.0,8.1,0.1,0.8,1.9,6.9,0.1,0.2,6.9,0.0,1.3,4.8,16.6
1997/05/15 10:10,1997,05,15,3.5,8.6,41.0,8.0,0.1,0.8,1.9,7.3,0.1,0.2,6.8,0.0,1.4,4.8,11.1
1997/05/22 07:20,1997,05,22,3.6,10.9,48.0,8.0,0.1,0.6,1.7,7.5,0.0,0.1,6.8,0.0,1.5,6.1,13.8
1997/06/03 09:30,1997,06,03,9.3,10.0,69.0,10.6,0.1,0.6,1.7,7.1,0.0,0.1,7.6,0.0,1.4,6.5,27.4
1997/06/12 08:50,1997,06,12,4.1,9.2,51.0,8.5,0.1,0.7,1.8,6.8,0.0,0.1,6.7,0.0,2.1,7.5,16.1
1997/06/19 09:00,1997,06,19,3.4,8.7,48.0,7.0,0.1,0.6,1.5,6.2,0.1,0.2,6.7,0.0,3.4,5.2,17.3
1997/06/26 08:20,1997,06,26,4.0,6.7,38.0,5.7,0.1,0.3,1.1,4.3,0.0,0.0,7.4,0.0,0.9,5.7,13.2
1997/07/03 08:30,1997,07,03,4.2,8.9,42.0,7.2,0.1,0.7,1.7,7.1,0.0,0.2,6.7,0.0,4.7,6.0,10.5
1997/07/10 08:34,1997,07,10,3.5,8.0,40.0,6.7,0.1,0.6,1.2,6.6,0.1,0.1,7.4,0.0,2.7,2.0,12.9
1997/07/17 10:10,1997,07,17,8.0,8.4,67.0,9.4,0.2,0.5,1.5,6.9,0.1,0.1,7.3,0.0,2.9,7.6,27.1
1997/08/07 10:39,1997,08,07,1.8,7.3,36.0,4.8,0.1,0.4,1.4,4.6,0.1,0.1,6.5,0.0,2.0,6.5,11.4
1997/08/21 09:50,1997,08,21,4.2,11.9,58.0,8.9,0.1,0.6,2.1,8.3,0.0,0.2,6.7,0.0,4.1,7.2,18.8
1997/08/28 10:10,1997,08,28,4.5,12.2,62.0,9.5,0.1,0.6,2.1,9.0,0.0,0.3,6.9,0.0,3.9,7.9,20.0
1997/09/18 09:40,1997,09,18,4.2,8.1,46.0,8.2,0.1,0.6,1.8,7.5,0.0,0.2,6.5,0.0,3.2,4.7,14.6
1997/09/25 08:45,1997,09,25,3.0,6.8,34.0,6.2,0.1,0.5,1.4,5.9,0.0,0.1,6.9,0.0,2.9,4.7,9.5
1997/09/25 09:45,1997,09,25,27.5,24.4,288.0,40.1,0.3,6.2,13.0,27.2,0.5,0.2,8.3,0.1,0.2,21.2,136.4
1997/10/02 07:15,1997,10,02,5.1,9.7,57.0,8.5,0.1,0.7,2.1,7.2,0.1,0.2,6.8,0.0,3.5,5.5,20.6
1997/10/09 07:30,1997,10,09,5.0,9.7,55.0,8.8,0.1,0.6,2.1,7.6,0.1,0.2,6.8,0.0,3.3,5.6,19.1
1997/10/16 06:40,1997,10,16,5.3,8.1,52.0,8.8,0.1,0.7,1.8,6.8,0.0,0.2,7.3,0.0,3.7,5.7,18.5
1997/10/23 11:40,1997,10,23,4.6,7.7,46.0,8.0,0.1,0.7,1.6,6.7,0.1,0.1,7.3,0.0,3.2,4.3,15.8
1997/10/30 07:20,1997,10,30,3.2,11.1,53.0,7.5,0.1,0.7,1.8,7.0,0.1,0.2,6.8,0.0,1.1,9.5,15.1
1997/11/06 09:00,1997,11,06,3.3,8.2,48.0,8.2,0.1,0.6,1.6,7.1,0.1,0.1,7.1,0.0,1.4,9.5,14.1
1997/11/13 07:12,1997,11,13,3.4,10.6,40.0,7.9,0.1,0.7,1.7,6.8,0.0,0.2,7.2,0.0,1.3,4.8,9.4
1997/11/20 07:30,1997,11,20,1.7,8.6,38.0,5.0,0.1,0.5,1.5,4.5,0.1,0.1,6.5,0.0,1.3,8.5,10.1
1997/11/27 07:22,1997,11,27,2.9,9.9,44.0,7.1,0.1,0.5,1.5,6.1,0.0,0.1,7.4,0.0,3.5,7.5,12.4
1997/12/04 02:55,1997,12,04,3.7,10.2,53.0,7.1,0.1,0.6,1.7,6.1,0.0,0.1,7.3,0.0,3.0,9.1,17.0
1997/12/11 08:08,1997,12,11,4.2,13.3,58.0,8.0,0.1,0.6,1.7,8.0,0.0,0.1,7.2,0.0,3.4,6.1,18.9
1998/01/15 06:36,1998,01,15,3.5,10.5,45.0,8.6,0.1,0.8,1.7,6.9,0.0,0.1,7.4,0.0,1.2,7.4,11.3
1998/01/22 07:20,1998,01,22,3.2,11.9,42.0,8.7,0.1,0.6,1.1,7.4,0.1,0.1,7.0,0.0,1.2,4.3,10.4
1998/02/19 07:30,1998,02,19,3.0,10.5,44.0,8.2,0.1,0.6,1.0,6.8,0.0,0.1,7.2,0.0,1.4,7.6,11.4
1998/02/26 07:25,1998,02,26,3.6,11.9,49.0,9.0,0.1,0.7,1.5,9.0,0.0,0.1,7.5,0.0,1.5,6.1,12.7
1998/03/19 11:34,1998,03,19,3.9,9.9,44.0,9.1,0.1,1.1,1.2,8.2,0.1,0.2,7.2,0.0,3.5,2.0,13.2
1998/03/27 07:30,1998,03,27,3.8,11.9,47.0,8.3,0.1,0.8,1.6,8.2,0.0,0.1,7.1,0.0,1.4,7.2,10.7
1998/04/02 10:00,1998,04,02,3.2,10.8,42.0,7.0,0.1,0.7,1.6,8.4,0.0,0.1,7.1,0.0,1.5,4.3,10.4
1998/04/09 07:15,1998,04,09,3.9,10.4,43.0,8.5,0.1,0.8,1.1,7.4,0.0,0.2,7.1,0.0,2.9,2.0,12.3
1998/05/21 09:30,1998,05,21,3.9,8.4,50.0,8.6,0.2,0.6,1.6,7.0,0.0,0.1,7.0,0.0,3.2,8.5,15.8
1998/05/28 09:50,1998,05,28,3.9,8.6,48.0,8.7,0.1,0.6,2.2,7.7,0.0,0.1,7.1,0.0,3.3,7.7,13.9
1998/06/04 09:35,1998,06,04,4.0,9.2,44.0,6.8,0.1,0.6,1.7,7.3,0.0,0.1,7.2,0.0,3.1,5.8,12.1
1998/06/11 07:20,1998,06,11,4.2,8.7,42.0,7.9,0.1,0.7,1.6,7.3,0.0,0.1,7.0,0.0,3.3,5.2,11.5
1998/06/18 07:42,1998,06,18,3.9,8.3,43.0,7.6,0.1,0.7,1.4,6.4,0.0,0.1,6.8,0.0,3.2,5.5,12.9
1998/06/25 07:25,1998,06,25,4.2,8.3,44.0,7.9,0.1,0.6,1.5,6.4,0.0,0.1,7.1,0.0,3.2,5.6,13.4
1998/07/02 10:04,1998,07,02,4.1,10.7,43.0,6.6,0.1,0.7,1.3,6.1,0.0,0.1,7.3,0.0,3.3,4.3,12.1
1998/07/09 08:25,1998,07,09,4.0,11.3,43.0,7.6,0.2,0.5,1.1,6.2,0.0,0.1,7.0,0.0,3.2,2.0,13.2
1998/07/16 11:20,1998,07,16,3.4,9.9,39.0,6.0,0.1,0.5,1.1,6.0,0.0,0.1,7.2,0.0,3.2,4.5,10.9
1998/07/23 11:17,1998,07,23,3.6,9.9,37.0,5.7,0.1,0.5,0.5,5.9,0.0,0.1,7.3,0.0,3.1,4.3,9.0
1998/07/30 07:15,1998,07,30,3.8,10.4,37.0,7.5,0.1,0.6,1.3,6.2,0.0,0.1,6.8,0.0,3.4,2.0,9.8
1998/08/06 08:07,1998,08,06,1.3,8.5,27.0,5.4,0.1,0.5,0.5,4.8,0.1,0.1,6.6,0.0,2.2,7.9,2.0
1998/08/13 10:12,1998,08,13,3.8,10.1,36.0,7.3,0.1,0.5,1.2,6.0,0.0,0.1,7.4,0.0,2.8,4.3,7.6
1998/08/20 09:58,1998,08,20,4.3,10.7,41.0,6.9,0.1,0.6,1.3,6.6,0.0,0.1,6.8,0.0,3.2,5.4,9.3
1998/08/27 07:30,1998,08,27,3.5,10.8,47.0,7.5,0.1,0.6,1.1,6.2,0.1,0.1,7.0,0.0,3.0,11.6,10.3
1998/09/03 11:15,1998,09,03,4.7,11.2,46.0,7.9,0.1,0.6,1.5,6.2,0.1,0.1,7.4,0.0,2.9,6.8,12.2
1998/09/10 10:45,1998,09,10,4.6,11.0,50.0,8.3,0.1,0.5,1.7,6.2,0.0,0.1,7.2,0.0,3.3,7.3,15.1
1998/09/17 09:15,1998,09,17,4.2,11.6,51.0,8.4,0.1,0.5,1.6,6.8,0.0,0.1,7.4,0.0,3.6,8.7,14.3
1998/09/24 08:00,1998,09,24,4.5,10.9,46.0,7.9,0.1,0.5,1.5,6.0,0.0,0.1,7.0,0.0,3.2,4.5,14.1
1998/10/01 09:50,1998,10,01,4.5,11.5,49.0,8.5,0.2,0.5,1.7,6.7,0.0,0.1,6.8,0.0,3.3,7.4,13.4
1998/10/08 09:25,1998,10,08,4.0,12.4,47.0,7.9,0.2,0.5,1.6,6.6,0.0,0.1,7.2,0.0,3.3,5.1,12.9
1998/10/15 10:00,1998,10,15,4.6,18.5,59.0,11.1,0.1,0.7,2.0,10.1,0.0,0.1,7.3,0.0,3.2,5.3,14.1
1998/10/29 08:12,1998,10,29,4.7,13.7,50.0,8.4,0.1,0.7,1.5,7.0,0.0,0.1,7.5,0.0,3.1,7.9,11.5
1998/11/26 10:15,1998,11,26,5.6,13.3,54.0,8.3,0.1,0.7,1.5,6.2,0.0,0.1,7.4,0.1,3.1,5.9,16.5
1998/12/03 09:55,1998,12,03,4.6,10.7,46.0,7.6,0.1,0.7,1.3,6.5,0.0,0.1,7.5,0.0,3.1,4.3,14.3
1998/12/10 07:25,1998,12,10,6.1,11.8,54.0,8.0,0.1,0.8,1.5,6.6,0.0,0.1,7.3,0.1,3.1,6.2,16.9
1998/12/17 07:12,1998,12,17,5.5,10.3,48.0,8.4,0.1,0.5,1.4,5.8,0.0,0.1,7.7,0.0,3.0,2.0,16.7
1998/12/24 08:21,1998,12,24,5.4,10.5,46.0,8.0,0.1,0.7,1.0,6.0,0.0,0.1,7.2,0.0,2.9,2.0,15.1
1998/12/24 08:28,1998,12,24,3.3,13.3,46.0,8.0,0.1,0.6,1.8,7.1,0.0,0.1,6.8,0.0,1.1,7.2,9.9
1998/12/31 09:37,1998,12,31,2.9,13.1,39.0,8.0,0.1,0.6,1.6,6.7,0.0,0.1,6.9,0.0,0.8,2.0,8.7
1999/01/07 07:35,1999,01,07,2.3,11.9,35.0,8.0,0.1,0.6,1.8,7.1,0.1,0.1,6.9,0.0,2.0,2.0,5.4
1999/01/14 08:15,1999,01,14,2.9,12.9,41.0,7.8,0.1,0.7,1.5,7.1,0.0,0.1,7.4,0.0,0.9,4.7,8.8
1999/01/21 07:12,1999,01,21,2.3,12.7,39.0,7.8,0.1,0.7,1.5,7.1,0.0,0.1,7.2,0.0,0.8,2.0,8.7
1999/01/28 07:18,1999,01,28,2.7,14.1,47.0,8.4,0.1,0.8,1.3,7.8,0.1,0.1,7.0,0.0,0.8,6.7,10.5
1999/02/04 08:17,1999,02,04,3.0,14.1,47.0,8.2,0.1,0.7,1.3,7.9,0.1,0.1,7.0,0.0,0.8,6.6,10.6
1999/02/11 08:38,1999,02,11,3.0,14.7,43.0,8.4,0.1,0.7,2.1,6.8,0.0,0.1,7.1,0.0,0.9,4.6,8.8
1999/02/18 15:48,1999,02,18,3.3,14.7,41.0,8.3,0.1,0.7,2.0,7.0,0.0,0.1,7.0,0.0,0.9,4.5,7.0
1999/02/25 10:26,1999,02,25,2.9,14.9,42.0,8.5,0.1,0.5,1.5,7.5,0.0,0.1,7.3,0.0,1.1,4.6,7.6
1999/03/04 08:20,1999,03,04,2.9,14.8,41.0,8.3,0.1,0.5,1.4,7.4,0.0,0.1,7.0,0.0,1.2,4.5,7.7
1999/03/11 08:31,1999,03,11,3.1,15.0,48.1,8.7,0.1,0.5,2.1,7.6,0.0,0.1,7.1,0.0,1.3,5.5,11.5
1999/03/18 08:09,1999,03,18,3.5,15.2,42.0,8.8,0.1,0.6,1.7,7.9,0.0,0.0,6.6,0.0,1.7,4.5,6.7
1999/03/25 08:00,1999,03,25,4.1,17.2,51.7,8.8,0.1,0.8,2.1,8.2,0.0,0.1,7.4,0.0,1.6,6.4,10.2
1999/04/01 08:11,1999,04,01,3.8,15.2,44.3,8.8,0.1,0.5,1.3,8.0,0.0,0.1,7.2,0.0,1.4,5.9,7.7
1999/04/08 07:26,1999,04,08,3.5,14.0,43.4,8.4,0.1,0.6,1.4,7.7,0.0,0.1,6.8,0.0,1.6,5.7,8.4
1999/04/15 07:58,1999,04,15,4.7,13.0,49.3,8.9,0.1,0.8,2.0,6.9,0.0,0.1,7.0,0.0,3.3,6.5,12.1
1999/04/22 09:00,1999,04,22,3.9,13.1,53.1,8.6,0.1,0.9,2.0,6.9,0.0,0.1,6.9,0.0,3.3,5.4,16.5
1999/04/29 08:00,1999,04,29,4.9,12.3,51.0,8.6,0.1,0.7,1.6,6.3,0.0,0.0,7.0,0.0,3.1,5.7,16.0
1999/05/06 09:15,1999,05,06,6.4,12.3,56.0,9.0,0.1,0.7,1.9,6.6,0.0,0.1,7.2,0.0,3.4,2.0,20.5
1999/05/13 07:59,1999,05,13,5.7,13.3,55.7,9.1,0.1,0.6,1.5,6.8,0.0,0.1,7.5,0.0,2.9,7.5,16.2
1999/05/20 08:32,1999,05,20,6.1,12.4,52.0,8.8,0.1,0.7,1.7,6.8,0.0,0.1,7.0,0.0,3.6,2.0,17.8
1999/06/03 08:20,1999,06,03,5.3,12.8,55.1,8.7,0.1,0.7,1.8,7.4,0.0,0.1,6.9,0.0,3.0,4.1,18.2
1999/06/10 11:30,1999,06,10,5.9,11.5,55.3,8.5,0.1,0.7,1.6,6.8,0.0,0.1,6.9,0.0,2.8,4.0,20.0
1999/06/17 10:15,1999,06,17,1.9,8.8,27.0,5.0,0.1,0.7,0.5,4.7,0.0,0.2,6.1,0.1,1.7,5.3,2.0
1999/06/24 08:34,1999,06,24,1.7,9.2,25.0,5.3,0.2,0.6,0.5,5.0,0.0,0.1,5.8,0.0,1.8,2.0,2.0
1999/07/01 07:10,1999,07,01,1.7,8.8,32.0,4.8,0.1,0.6,1.0,4.6,0.1,0.1,5.6,0.0,2.4,4.3,8.7
1999/07/08 09:13,1999,07,08,3.0,11.9,38.0,7.6,0.1,0.4,1.3,6.7,0.0,0.1,6.5,0.0,3.0,4.3,7.9
1999/07/22 07:41,1999,07,22,2.6,11.3,34.0,6.8,0.1,0.5,1.6,6.3,0.0,0.1,6.5,0.0,2.9,4.4,5.8
1999/07/29 08:48,1999,07,29,3.1,11.3,34.0,7.1,0.1,0.4,1.4,6.4,0.0,0.1,6.5,0.0,2.9,4.2,5.2
1999/11/04 08:08,1999,11,04,4.0,12.0,43.6,7.9,0.2,0.4,1.4,5.9,0.0,0.1,7.4,0.0,3.7,4.1,12.5
1999/11/11 08:22,1999,11,11,6.0,11.9,46.7,8.6,0.1,0.7,1.9,7.4,0.0,0.1,7.6,0.0,3.4,2.0,13.4
1999/11/18 08:09,1999,11,18,5.0,11.4,48.5,8.4,0.2,0.8,1.8,7.0,0.1,0.1,7.4,0.0,3.4,5.5,13.6
1999/11/25 08:19,1999,11,25,5.3,11.6,44.8,8.6,0.2,0.7,1.6,6.9,0.0,0.1,7.6,0.0,3.4,2.0,13.2
1999/12/16 10:04,1999,12,16,3.9,13.6,41.4,8.5,0.2,1.3,1.8,6.4,0.1,0.1,7.3,0.0,0.8,5.3,6.9
2000/01/06 08:47,2000,01,06,2.9,15.2,33.7,8.1,0.1,0.9,2.0,7.7,0.1,0.1,7.2,0.0,0.9,2.0,2.0
2000/01/13 08:42,2000,01,13,3.7,14.4,45.6,8.8,0.1,0.9,1.8,7.0,0.0,0.0,7.4,0.0,0.7,7.6,8.0
2000/01/20 11:12,2000,01,20,4.0,13.2,44.1,8.6,0.1,0.9,1.8,7.3,0.1,0.1,7.4,0.0,0.6,5.4,8.9
2000/02/17 09:26,2000,02,17,3.0,14.6,38.7,8.7,0.1,0.6,1.9,7.4,0.1,0.1,7.2,0.0,1.0,2.0,7.0
2000/02/24 08:51,2000,02,24,3.9,14.9,40.0,9.2,0.1,0.6,1.9,7.7,0.1,0.1,7.3,0.0,1.0,2.0,7.0
2000/03/02 10:18,2000,03,02,3.2,14.6,44.8,8.5,0.1,0.9,1.8,7.7,0.1,0.1,6.8,0.0,1.3,5.6,8.8
2000/03/09 10:00,2000,03,09,3.1,14.5,50.1,8.5,0.1,0.8,1.7,9.3,0.0,0.1,7.0,0.0,1.4,6.3,11.2
2000/04/20 07:47,2000,04,20,3.6,14.3,44.1,8.8,0.2,0.9,1.9,8.2,0.1,0.1,7.0,0.0,1.0,5.9,7.0
2000/04/27 07:50,2000,04,27,3.0,14.8,46.6,8.5,0.1,0.9,1.8,8.9,0.0,0.0,6.8,0.0,1.3,5.6,9.1
2000/05/04 08:39,2000,05,04,3.2,14.0,41.5,8.7,0.1,0.8,1.8,8.5,0.0,0.1,6.8,0.0,1.5,5.1,6.4
2000/05/11 07:37,2000,05,11,3.0,14.8,39.1,8.7,0.1,0.9,1.7,8.0,0.0,0.1,6.5,0.0,1.7,5.3,4.1
2000/05/18 09:00,2000,05,18,4.2,14.1,46.5,9.4,0.1,0.8,1.8,8.2,0.0,0.1,7.1,0.0,1.1,4.9,9.8
2000/05/25 08:20,2000,05,25,4.5,12.4,48.2,8.3,0.1,0.8,1.7,7.4,0.1,0.1,7.0,0.0,3.4,2.0,15.3
2000/06/01 08:05,2000,06,01,5.1,14.3,49.0,8.8,0.1,0.8,1.7,7.4,0.0,0.1,6.9,0.0,3.5,4.5,11.8
2000/06/08 08:00,2000,06,08,4.9,12.0,47.6,8.4,0.1,0.8,1.7,6.9,0.0,0.1,7.1,0.0,3.5,5.1,12.8
2000/06/15 08:26,2000,06,15,4.4,13.3,47.0,8.6,0.1,0.7,1.7,6.7,0.1,0.1,6.7,0.0,3.5,4.8,12.2
2000/06/22 08:24,2000,06,22,5.5,14.0,49.9,8.9,0.1,0.7,1.7,6.4,0.0,0.1,7.0,0.0,3.5,4.7,13.4
2001/12/13 09:40,2001,12,13,3.1,14.9,45.6,7.8,0.1,0.7,1.8,6.0,0.1,0.1,6.6,0.0,1.7,7.8,8.9
2001/12/20 09:20,2001,12,20,2.4,10.3,37.9,6.6,0.1,0.9,1.8,5.0,0.1,0.1,6.3,0.1,0.4,9.2,6.3
2001/12/20 09:50,2001,12,20,2.4,12.6,41.4,7.0,0.1,0.7,1.5,4.9,0.1,0.1,6.8,0.0,1.4,6.9,9.8
2001/12/27 06:20,2001,12,27,3.0,11.9,41.0,6.5,0.1,0.7,1.7,4.9,0.1,0.1,6.9,0.0,1.5,5.2,10.7
2002/01/03 07:15,2002,01,03,2.7,11.2,34.0,6.8,0.1,0.7,1.7,6.0,0.0,0.0,7.2,0.0,1.4,2.0,7.8
2002/01/10 08:10,2002,01,10,2.7,11.9,37.1,6.9,0.1,0.8,1.8,5.2,0.1,0.1,6.7,0.0,1.1,2.0,9.9
2002/01/17 07:55,2002,01,17,3.7,11.3,46.8,6.9,0.1,0.7,1.5,5.1,0.1,0.1,6.8,0.0,2.2,9.3,11.9
2002/01/24 08:00,2002,01,24,1.7,5.0,22.2,5.7,0.1,0.6,1.4,5.4,0.1,0.1,6.4,0.0,1.0,2.0,4.5
2002/01/31 08:20,2002,01,31,4.9,11.6,45.5,8.6,0.1,0.8,1.7,5.4,0.0,0.1,6.9,0.0,3.6,2.0,15.2
2002/02/07 08:05,2002,02,07,3.0,14.5,37.7,7.5,0.1,0.9,1.4,4.7,0.1,0.1,7.3,0.0,1.7,4.4,6.9
2002/02/14 08:05,2002,02,14,3.3,12.3,43.1,7.6,0.1,0.7,1.7,5.0,0.1,0.1,7.0,0.0,1.3,8.2,9.2
2002/02/21 07:55,2002,02,21,,,,7.5,,,,,0.1,0.1,7.2,0.0,1.4,,
2002/02/28 08:29,2002,02,28,3.4,13.0,48.9,7.5,0.1,0.8,1.8,6.3,0.1,0.1,6.7,0.0,1.6,12.3,8.7
2002/03/07 08:40,2002,03,07,,,,7.2,,,,,0.1,0.1,7.0,0.0,1.1,,
2002/03/14 08:30,2002,03,14,,,,7.3,,,,,0.1,0.1,6.9,0.0,1.0,,
2002/03/21 07:55,2002,03,21,,,,8.1,,,,,0.1,0.1,7.4,0.0,1.2,,
2002/03/28 08:05,2002,03,28,3.1,11.9,45.6,7.4,0.1,0.7,1.8,5.5,0.1,0.1,6.8,0.0,1.7,10.1,9.9
2002/04/04 08:20,2002,04,04,,,,8.6,,,,,0.0,0.1,7.3,0.0,1.3,,
2002/04/11 08:25,2002,04,11,,,,8.4,,,,,0.0,0.1,7.3,0.0,1.7,,
2002/04/18 08:20,2002,04,18,,,,7.8,,,,,0.1,0.1,6.7,0.0,1.5,,
2002/04/25 09:00,2002,04,25,2.7,10.1,34.2,8.4,0.1,0.6,1.7,4.9,0.1,0.1,7.1,0.0,1.8,6.7,5.6
2002/05/02 09:30,2002,05,02,,,,8.4,,,,,0.0,0.1,6.7,0.0,3.9,,
2002/05/09 07:35,2002,05,09,,,,8.3,,,,,0.0,0.1,7.0,0.0,3.5,,
2002/05/15 07:50,2002,05,15,,,,8.3,,,,,0.0,0.1,6.7,0.0,3.7,,
2002/05/23 08:45,2002,05,23,0.5,12.6,,5.8,0.1,0.7,1.3,5.5,0.1,0.1,6.7,0.0,1.1,,10.7
2002/05/30 09:15,2002,05,30,,,,4.1,,,,,0.1,0.0,6.2,0.0,1.8,,
2002/06/06 07:45,2002,06,06,,,,6.1,,,,,0.0,0.1,6.3,0.0,2.6,,
2002/06/13 07:50,2002,06,13,,,,7.6,,,,,0.1,0.1,6.7,0.0,3.6,,
2002/06/20 05:10,2002,06,20,3.5,12.4,45.3,7.4,0.1,0.7,1.6,7.0,0.0,0.1,6.9,0.0,3.7,6.1,11.1
2002/06/27 07:20,2002,06,27,,,,3.5,,,,,0.0,0.0,5.8,0.0,1.4,,
2002/07/04 07:45,2002,07,04,,,,8.6,,,,,0.0,0.1,6.9,0.0,3.7,,
2002/07/11 09:05,2002,07,11,,,,7.6,,,,,0.0,0.0,7.0,0.0,3.6,,
2002/07/18 08:25,2002,07,18,3.3,13.3,47.2,8.8,0.1,0.6,1.2,5.9,0.0,0.1,6.4,0.1,3.3,6.9,12.4
2002/07/25 07:45,2002,07,25,,,,4.8,,,,,0.1,0.1,6.4,0.1,2.0,,
2002/08/01 10:00,2002,08,01,,,,4.9,,,,,0.1,0.1,8.0,0.0,2.3,,
2002/08/08 08:15,2002,08,08,,,,5.7,,,,,0.1,0.1,6.7,0.0,2.7,,
2002/08/15 06:40,2002,08,15,,,,5.4,,,,,0.1,0.0,6.7,0.0,3.1,,
2002/08/19 08:10,2002,08,19,4.2,13.1,39.3,8.2,0.1,0.4,1.3,5.4,0.1,0.0,6.8,0.0,3.5,8.7,4.7
2002/08/22 08:43,2002,08,22,2.4,12.0,40.1,6.7,0.1,0.6,1.2,5.4,0.1,0.1,6.0,0.0,2.9,9.9,6.6
2002/08/29 07:15,2002,08,29,,,,7.9,,,,,0.0,0.1,6.3,0.0,3.3,,
2002/09/05 07:25,2002,09,05,,,,8.0,,,,,0.1,0.1,6.9,0.0,1.4,,
2002/09/12 12:55,2002,09,12,0.5,5.0,23.8,3.9,0.1,0.4,0.5,3.8,0.1,0.1,5.6,0.0,0.6,7.5,4.6
2002/09/26 07:40,2002,09,26,,,,8.9,,,,,0.0,0.1,6.6,0.0,3.5,,
2002/10/03 06:45,2002,10,03,,,,8.8,,,,,0.1,0.1,6.8,0.0,1.9,,
2002/10/10 07:55,2002,10,10,3.5,13.3,38.7,8.1,0.1,0.9,1.1,4.6,0.0,0.1,6.4,0.0,3.6,6.6,6.6
2002/10/17 08:30,2002,10,17,,,,9.8,,,,,0.0,0.1,6.8,0.0,4.0,,
2002/10/24 07:45,2002,10,24,,,,9.5,,,,,0.1,0.1,7.3,0.0,3.9,,
2002/10/31 08:00,2002,10,31,,,,9.8,,,,,0.0,0.1,7.4,0.0,4.0,,
2002/11/07 08:39,2002,11,07,,,,8.0,,,,,0.0,0.1,7.1,0.0,3.5,,
2002/11/28 09:00,2002,11,28,5.5,12.6,43.8,8.8,0.1,0.6,1.3,6.0,0.0,0.1,7.5,0.0,1.6,2.0,12.4
2002/12/05 09:25,2002,12,05,6.6,13.2,52.4,9.7,0.1,0.8,1.3,5.1,0.1,0.1,7.3,0.0,1.3,5.1,16.0
2002/12/12 08:20,2002,12,12,,,,7.4,,,,,0.4,0.1,6.9,0.0,1.4,,
2002/12/19 12:15,2002,12,19,,,,7.9,,,,,0.0,0.1,6.8,0.0,1.4,,
2002/12/26 07:05,2002,12,26,,,,7.8,,,,,0.1,0.1,6.2,0.0,1.5,,
2003/01/02 10:00,2003,01,02,3.0,13.8,47.9,8.2,0.1,0.8,1.7,5.8,0.1,0.1,7.1,0.0,1.0,7.5,12.2
2003/01/16 07:05,2003,01,16,,,,9.1,,,,,0.1,0.1,7.3,0.0,1.1,,
2003/01/23 10:50,2003,01,23,,,,7.8,,,,,0.1,0.1,6.8,0.0,1.0,,
2003/01/30 07:05,2003,01,30,2.5,13.5,39.8,7.6,0.1,0.7,1.6,5.1,0.1,0.1,6.9,0.0,0.9,5.9,8.1
2003/02/13 07:35,2003,02,13,,,,8.0,,,,,0.1,0.1,6.7,0.0,0.9,,
2003/03/06 08:15,2003,03,06,2.5,13.7,29.5,8.0,0.1,0.5,0.5,4.3,0.1,0.1,6.9,0.0,1.2,5.0,2.0
2003/03/20 10:00,2003,03,20,,,,8.4,,,,,0.1,0.1,6.8,0.0,1.0,,
2003/03/27 16:20,2003,03,27,,,,10.2,,,,,0.0,0.0,6.8,0.1,4.4,,
2003/04/03 16:20,2003,04,03,,,,9.8,,,,,0.0,0.0,7.0,0.0,4.4,,
2003/04/10 07:22,2003,04,10,4.9,16.5,49.7,10.3,0.1,0.6,1.7,6.8,0.0,0.1,7.1,0.0,4.2,9.6,7.7
2003/04/17 10:00,2003,04,17,,,,9.3,,,,,0.0,0.1,6.6,0.0,4.3,,
2003/04/24 10:00,2003,04,24,,,,9.4,,,,,0.0,0.1,6.8,0.0,4.3,,
2003/05/01 08:31,2003,05,01,6.0,14.3,52.2,10.2,0.1,0.5,1.6,6.8,0.0,0.1,6.9,0.0,3.9,8.1,11.8
2003/05/08 08:45,2003,05,08,,,,9.6,,,,,0.0,0.0,6.8,0.0,4.2,,
2003/05/15 09:05,2003,05,15,,,,9.5,,,,,0.0,0.0,6.6,0.0,4.0,,
2003/06/05 07:05,2003,06,05,6.1,13.7,49.9,9.4,0.2,0.6,1.3,6.4,0.1,0.1,7.2,0.0,3.3,2.0,15.6
2003/06/12 07:54,2003,06,12,,,,9.6,,,,,0.0,0.1,7.6,0.0,3.3,,
2003/06/19 08:34,2003,06,19,,,,11.0,,,,,0.1,0.1,6.8,0.0,3.5,,
2003/06/20 11:00,2003,06,20,3.8,12.4,43.8,7.8,0.1,0.6,1.4,5.9,0.0,0.1,7.1,0.0,2.9,5.5,11.1
2003/06/26 08:35,2003,06,26,4.5,13.8,51.9,9.0,0.1,0.7,1.2,6.2,0.1,0.1,7.3,0.0,3.4,5.1,16.1
2003/07/03 08:47,2003,07,03,,,,9.8,,,,,0.0,0.1,7.0,0.2,3.5,,
2003/07/10 08:40,2003,07,10,,,,9.4,,,,,0.0,0.1,7.0,0.0,3.3,,
2003/07/17 08:27,2003,07,17,,,,9.1,,,,,0.0,0.1,7.1,0.1,3.4,,
2003/07/24 07:45,2003,07,24,,,,8.7,,,,,0.0,0.1,6.8,0.0,3.3,,
2003/07/31 08:05,2003,07,31,3.9,13.0,41.6,8.6,0.2,0.7,0.5,6.3,0.0,0.1,6.5,0.0,3.4,2.0,12.0
2003/08/14 08:30,2003,08,14,4.7,15.3,53.5,9.7,0.2,0.6,1.7,9.3,0.0,0.1,7.1,0.0,3.6,5.0,13.5
2003/08/21 07:30,2003,08,21,,,,8.3,,,,,0.0,0.1,7.3,0.0,3.2,,
2003/08/28 10:15,2003,08,28,,,,5.1,,,,,0.0,0.0,6.1,0.0,2.2,,
2003/09/04 08:15,2003,09,04,,,,5.8,,,,,0.0,0.0,6.2,0.0,2.5,,
2003/09/11 09:00,2003,09,11,1.3,5.0,24.4,4.8,0.1,0.4,0.5,5.7,0.0,0.0,6.5,0.0,2.3,2.0,7.5
2003/09/18 07:29,2003,09,18,,,,6.9,,,,,0.0,0.1,7.0,0.0,3.2,,
2003/10/16 08:20,2003,10,16,,,,9.3,,,,,0.0,0.1,7.2,0.0,3.7,,
2003/10/30 08:35,2003,10,30,5.1,13.8,52.2,9.1,0.1,0.6,1.8,8.3,0.0,0.1,6.9,0.0,3.6,9.3,10.5
2003/11/06 08:07,2003,11,06,,,,7.5,,,,,0.0,0.1,7.5,0.0,3.4,,
2003/11/13 09:45,2003,11,13,,,,8.2,,,,,0.0,0.1,6.8,0.0,3.4,,
2003/11/20 09:06,2003,11,20,4.2,11.7,45.5,7.6,0.1,0.6,1.3,7.6,0.0,0.1,6.9,0.0,3.4,3.0,13.7
2003/12/18 07:45,2003,12,18,3.1,14.6,41.5,7.7,0.1,0.8,1.7,7.2,0.0,0.2,6.7,0.0,1.7,8.4,4.0
2004/01/01 07:28,2004,01,01,,,,7.8,,,,,0.0,0.2,6.9,0.0,0.8,,
2004/01/08 07:30,2004,01,08,2.7,16.4,44.9,9.4,0.1,0.8,1.9,8.2,0.0,0.2,6.8,0.0,1.3,3.0,8.9
2004/01/15 08:00,2004,01,15,,,,8.1,,,,,0.0,0.2,6.8,0.0,0.7,,
2004/01/22 08:00,2004,01,22,,,,8.0,,,,,0.0,0.2,6.0,0.0,0.7,,
2004/01/29 10:00,2004,01,29,,,,7.9,,,,,0.0,0.2,6.4,0.0,0.7,,
2004/02/12 10:00,2004,02,12,3.2,14.0,44.1,8.0,0.1,0.8,2.1,7.9,0.0,0.2,6.5,0.0,0.8,3.0,9.9
2004/02/19 07:55,2004,02,19,,,,8.4,,,,,0.0,0.2,6.5,0.0,0.6,,
2004/02/26 08:00,2004,02,26,3.4,15.1,45.5,8.6,0.1,0.7,1.7,12.2,0.0,0.2,6.6,0.0,0.3,6.3,4.0
2004/03/04 08:00,2004,03,04,,,,8.2,,,,,0.0,0.2,6.3,0.0,0.7,,
2004/03/11 08:02,2004,03,11,,,,8.3,,,,,0.0,0.2,6.4,0.0,0.7,,
2004/03/25 09:09,2004,03,25,,,,8.7,,,,,0.0,0.2,6.5,0.0,1.5,,
2004/04/01 07:50,2004,04,01,,,,8.5,,,,,0.0,0.2,6.4,0.0,1.5,,
2004/04/08 09:00,2004,04,08,3.7,16.2,48.7,10.3,0.1,0.7,1.9,8.1,0.1,0.2,6.4,0.0,1.2,6.9,8.4
2004/05/20 08:00,2004,05,20,6.0,14.3,56.1,9.3,0.1,0.9,2.0,7.0,0.0,0.1,7.7,0.0,3.7,3.0,18.3
2004/06/03 08:01,2004,06,03,2.5,12.6,,,,0.8,2.1,8.0,,,,,,3.0,
2004/06/18 09:00,2004,06,18,1.7,6.2,26.2,4.7,0.1,0.3,0.5,3.7,0.1,0.1,6.1,0.0,1.3,8.4,4.0
2004/07/02 11:43,2004,07,02,1.3,6.1,21.0,4.3,0.1,0.5,1.1,3.7,0.0,0.1,5.8,0.0,1.1,3.0,4.0
2004/08/05 08:00,2004,08,05,0.5,6.7,24.1,3.7,0.1,0.3,0.5,3.3,0.0,0.1,5.8,0.0,1.6,7.5,4.0
2004/08/27 08:00,2004,08,27,9.1,11.7,56.8,10.8,0.1,0.5,1.6,6.5,0.0,0.1,7.2,0.0,3.4,3.0,19.7
2004/10/21 08:00,2004,10,21,0.5,11.5,33.0,5.9,0.1,0.5,0.5,5.7,0.0,0.1,6.4,0.0,3.5,3.0,8.9
2004/11/04 08:00,2004,11,04,1.2,9.1,,7.2,0.1,0.5,0.5,6.1,0.0,0.1,6.8,0.0,3.3,,4.0
2004/11/11 08:00,2004,11,11,1.1,12.0,28.2,6.0,0.1,0.5,0.5,5.9,0.0,0.1,6.7,0.0,3.4,3.0,4.0
2004/11/18 08:00,2004,11,18,3.8,13.3,40.9,7.9,0.1,0.7,1.5,6.2,0.0,0.1,7.3,0.0,3.4,3.0,9.9
2005/01/06 08:00,2005,01,06,2.0,13.2,32.6,7.7,0.1,0.7,1.6,6.4,0.1,0.1,6.7,0.0,1.2,3.0,4.0
2005/01/14 08:00,2005,01,14,4.0,13.5,36.8,8.6,0.1,0.8,1.5,7.2,0.0,0.1,6.9,0.0,0.8,4.4,4.0
2005/02/07 08:00,2005,02,07,9.7,14.7,70.1,11.1,0.1,1.5,2.2,7.6,0.1,0.2,7.4,0.0,2.7,5.5,22.9
2005/02/21 08:30,2005,02,21,2.4,15.5,37.7,8.1,0.1,0.7,2.1,7.3,0.1,0.1,6.7,0.0,1.0,4.3,4.0
2005/03/02 09:40,2005,03,02,3.3,15.3,34.8,8.5,0.1,0.8,0.5,7.2,0.0,0.2,6.7,0.0,1.3,2.0,4.0
2005/03/08 08:55,2005,03,08,3.1,14.4,46.4,8.2,0.1,0.8,1.5,7.7,0.1,0.2,6.8,0.0,1.9,7.9,8.1
2005/03/16 09:00,2005,03,16,3.1,14.8,44.2,8.2,0.1,0.8,1.6,7.8,0.1,0.2,6.1,0.0,1.7,10.1,4.0
2005/03/23 10:00,2005,03,23,3.0,14.5,38.1,8.5,0.1,0.8,1.5,7.5,0.1,0.2,5.4,0.0,1.4,4.8,4.0
2005/03/30 09:30,2005,03,30,3.3,15.2,43.6,8.7,0.1,0.9,1.7,8.0,0.1,0.2,6.4,0.0,1.5,8.5,4.0
2005/04/06 09:45,2005,04,06,5.7,15.4,51.2,10.1,0.1,0.9,2.1,8.0,0.0,0.2,7.0,0.0,1.3,4.5,11.0
2005/04/20 10:30,2005,04,20,3.7,10.4,50.4,7.1,0.5,0.7,1.4,6.1,0.0,0.0,6.9,0.0,3.4,2.0,20.8
2005/05/04 08:10,2005,05,04,4.7,10.4,44.9,7.2,0.1,0.7,1.4,6.1,0.0,0.0,6.6,0.0,3.5,2.0,15.7
2005/05/11 08:10,2005,05,11,2.9,10.7,39.2,7.1,0.1,0.8,1.3,6.0,0.0,0.1,6.3,0.0,3.8,2.0,12.3
2005/05/18 08:05,2005,05,18,4.0,11.2,42.1,7.0,0.1,0.7,1.6,6.6,0.0,0.1,7.7,0.0,3.5,2.0,12.6
2005/08/25 08:25,2005,08,25,2.4,11.8,32.4,7.3,0.1,0.5,1.6,5.7,0.0,0.0,6.6,0.0,,5.3,4.0
2005/09/29 08:38,2005,09,29,3.2,12.1,39.7,7.1,0.1,0.6,1.4,6.0,0.0,0.0,6.4,0.0,3.1,2.0,11.6
2005/12/08 10:00,2005,12,08,3.2,12.7,37.4,7.7,0.1,0.7,1.6,6.3,0.1,0.2,6.8,0.0,1.5,6.9,4.0
2005/12/21 10:00,2005,12,21,1.7,14.2,39.3,7.5,0.1,0.7,1.4,7.1,0.0,0.2,6.6,0.0,1.2,8.4,4.0
2006/01/11 09:12,2006,01,11,2.6,14.5,46.4,7.5,0.1,0.8,2.0,6.3,0.1,0.2,6.7,0.0,1.0,5.2,11.5
2006/01/25 08:10,2006,01,25,2.9,14.7,45.8,7.6,0.1,0.8,1.8,6.3,0.0,0.2,6.5,0.0,0.9,5.5,10.7
2006/02/01 08:00,2006,02,01,3.9,14.8,50.2,8.8,0.1,1.1,1.9,6.4,0.1,0.2,7.0,0.0,0.4,5.9,12.5
2006/02/08 08:15,2006,02,08,3.0,14.3,48.2,7.4,0.1,0.7,1.9,6.6,0.0,0.2,6.7,0.0,0.8,5.9,12.3
2006/02/15 09:00,2006,02,15,2.6,14.5,37.9,7.6,0.1,0.7,1.8,6.7,0.0,0.2,7.5,0.0,1.7,5.9,4.0
2006/03/07 08:00,2006,03,07,2.7,13.3,41.2,8.2,0.1,0.8,1.6,6.6,0.0,0.2,6.2,0.1,1.0,10.4,4.0
2006/03/15 08:10,2006,03,15,3.2,12.5,39.7,7.6,0.1,0.8,2.0,6.7,0.0,0.2,7.0,0.0,1.3,8.6,4.0
2006/03/22 08:35,2006,03,22,3.6,15.1,41.3,8.7,0.1,0.8,2.2,8.0,0.0,0.1,7.6,0.0,1.3,5.9,4.0
2006/03/29 10:08,2006,03,29,2.1,15.1,38.3,7.5,0.2,0.6,1.8,7.0,0.0,0.1,6.7,0.0,1.3,6.1,4.0
2006/04/06 09:40,2006,04,06,2.5,13.4,38.4,7.4,0.1,0.7,1.8,6.9,0.0,0.2,7.2,0.0,1.2,7.2,4.0
2006/04/11 10:00,2006,04,11,2.8,15.0,43.4,10.7,0.2,0.8,1.5,7.0,0.1,0.2,7.0,0.0,1.2,10.3,4.0
2006/06/26 10:30,2006,06,26,3.9,10.8,39.6,8.1,0.2,0.5,0.5,6.2,0.0,0.1,7.8,0.0,3.5,4.3,10.4
2006/07/03 08:30,2006,07,03,3.6,13.7,41.9,8.0,0.1,0.6,1.4,6.5,0.0,0.0,7.9,0.0,3.5,2.0,11.1
2007/01/18 13:57,2007,01,18,3.9,15.4,47.3,9.7,0.1,0.8,1.9,7.7,0.1,0.2,6.2,0.0,1.5,6.5,8.1
2009/03/01 10:00,2009,03,01,4.1,21.2,,11.4,,2.2,2.2,12.1,0.0,0.0,7.5,0.0,0.8,1.5,14.1
2009/06/01 10:00,2009,06,01,4.4,22.4,,11.6,,2.2,1.6,11.0,0.0,0.7,6.6,0.0,2.0,4.1,9.4
2009/08/01 10:00,2009,08,01,3.1,18.9,,11.2,,1.6,2.3,8.1,0.0,0.0,7.3,0.0,0.1,1.5,13.5
2009/09/01 10:00,2009,09,01,4.5,22.7,,11.3,,2.3,1.8,15.5,0.0,0.0,7.2,0.0,1.9,3.8,12.6
2009/11/01 10:00,2009,11,01,4.6,23.9,,11.3,,2.0,1.8,10.4,0.3,0.0,7.6,0.0,0.7,3.3,14.8
2009/12/01 10:00,2009,12,01,4.1,20.7,,11.0,,2.1,0.8,12.1,0.2,0.1,7.4,0.0,0.7,1.5,12.1
2018/02/09 09:15,2018,02,09,3.1,31.7,73.0,17.2,0.0,1.3,2.2,22.2,0.1,0.4,6.8,0.0,0.6,4.6,5.0
,,,Average,3.2,11.7,41.3,7.5,0.1,0.8,1.5,6.6,0.0,0.1,6.6,0.0,2.3,4.7,9.9