date_time,Year,Month,Day,Ca_Diss_Water,Cl_Diss_Water,DMS_Tot_Water,EC_Phys_Water,F_Diss_Water,K_Diss_Water,Mg_Diss_Water,Na_Diss_Water,NH4_N_Diss_Water,NO3_NO2_N_Diss_Water,pH_Diss_Water,PO4_P_Diss_Water,Si_Diss_Water,SO4_Diss_Water,TAL_Diss_Water,Positive,Negative,Final,,,,,,
1981/10/07 16:10,1981,10,07,8.2,12.8,89,10.2,0.2,0.7,1.2,17.9,0,0,6.4,0,8.1,13.1,28.7,1.303906671,1.21772237,3.417802511,,,,,,
1981/10/14 14:50,1981,10,14,2.2,10.6,56,6.9,0.2,0.9,1.6,13.4,0,0,6,0,4.4,9.7,14,0.847039527,0.790990914,3.421707659,,,,,,
1981/10/21 14:35,1981,10,21,7,12.1,60,7.2,0.1,0.8,0.5,9.2,0,0,6,0,4.5,9.8,16.2,0.810739803,0.874062443,-3.758461229,,,,,,
1981/11/09 13:30,1981,11,09,9.8,13.5,74,10.7,0.1,1.5,1,8.6,0.1,0.4,6,0,5.5,6,25.8,0.988914352,1.032866388,-2.173926936,,,,,,
1981/11/11 14:00,1981,11,11,10,10.1,80,11.8,0.2,5,1.7,7.8,0,0.8,6.3,0,4.9,6.9,28.5,1.105678485,1.021537,3.9554754,,,,,,
1982/01/06 11:56,1982,01,06,16.4,18.4,98,15.5,0.1,1.6,2.2,9.3,0,0.3,7.1,0,1.9,2,39,1.444293613,1.350035036,3.373210145,,,,,,
1982/02/03 13:50,1982,02,03,6.9,15.7,55,9.9,0.1,1.6,1.5,7.4,0,0.2,6.7,0,2.2,2,17.3,0.830256288,0.838365795,-0.48600022,,,,,,
1982/03/03 12:45,1982,03,03,7,14.7,70,10.2,0.1,1.6,1.8,10.3,0,0.1,6.6,0,2.2,9.4,19.8,0.986022133,1.012590121,-1.329321753,,,,,,
1982/04/07 13:20,1982,04,07,9.8,13,71,11,0.3,2.2,1.8,8.1,0,0,6.9,0,4.2,2,27.1,1.045366101,0.965609966,3.966040979,,,,,,
1982/04/28 15:10,1982,04,28,4.3,8.9,42,6.5,0.1,0.8,1.2,5.8,0,0,6.5,0,2.4,2,14.1,0.585863544,0.579590692,0.538232314,,,,,,
1982/05/05 15:05,1982,05,05,6.5,11,56,9.4,0.2,1.7,1.8,7.3,0,0,7.7,0,3.9,2,21.2,0.83320724,0.78600878,2.914895802,,,,,,
1983/12/02 12:00,1983,12,02,3,10.7,40,6.4,0.1,0.7,1.4,7.3,0,0,6.5,0,1.5,2,13,0.60014639,0.608294918,-0.674300633,,,,,,
1987/01/08 07:05,1987,01,08,2.9,13.5,39,8,0.1,0.6,1.6,7.3,0.1,0.2,4.9,0,1.4,2,8.8,0.614617775,0.606393964,0.673524376,,,,,,
1987/01/15 07:19,1987,01,15,2.1,14.6,32,7.3,0.1,0.6,1.3,7.3,0.1,0.1,5.1,0,1.2,2,2,0.550026168,0.499766976,4.78753289,,,,,,
1987/01/22 08:10,1987,01,22,1.7,15.8,32,7.2,0.1,0.8,1.2,6.6,0.1,0.1,4.8,0,2.4,2,2,0.496525897,0.533569793,-3.596160599,,,,,,
1987/01/29 06:50,1987,01,29,2.5,15.1,36,7.5,0.1,0.7,1.4,7.5,0,0.1,5.3,0,1.8,5.8,2,0.583904387,0.59293577,-0.767426522,,,,,,
1987/02/05 06:45,1987,02,05,2.9,13.8,39,7.8,0.1,0.7,1.6,7.5,0.1,0.1,5.6,0,2,4.4,6,0.625870972,0.607179735,1.51585305,,,,,,
1987/02/12 06:54,1987,02,12,2.3,15.8,37,7.4,0.1,0.8,1.3,7.8,0.1,0.1,5.4,0,2.4,4.1,2,0.58685545,0.577274267,0.82303396,,,,,,
1987/02/19 07:00,1987,02,19,2.1,16.1,36,7.5,0.1,0.7,1.4,8.1,0,0.1,5.4,0,1.7,5.5,2,0.590041218,0.614861288,-2.059923458,,,,,,
1987/03/05 06:30,1987,03,05,3.7,14.6,40,8.3,0.1,0.7,1.6,7.5,0.1,0.1,6.1,0,2,4.4,5.8,0.665771222,0.625714947,3.101564373,,,,,,
1987/03/12 06:20,1987,03,12,2.3,15.4,39,8,0.1,0.8,1.5,8.4,0.1,0.2,5.5,0,1.3,5.2,2,0.629403312,0.590512385,3.188001213,,,,,,
1987/03/19 07:10,1987,03,19,2.1,15,36,7.6,0.1,0.6,1.4,7.2,0.1,0.1,5.3,0,1.4,5,2,0.553908794,0.573469545,-1.735065321,,,,,,
1987/04/04 07:10,1987,04,04,6.8,17,55,10.5,0.1,0.8,1.7,8.1,0.1,0.1,6.5,0,3.8,2,14.7,0.857259642,0.82137261,2.13787339,,,,,,
1987/04/08 06:45,1987,04,08,3.3,16.7,42,8.7,0.1,0.6,1.8,7.8,0.1,0.2,5.7,0,1.1,6.7,2,0.672767936,0.658349585,1.083176399,,,,,,
1987/04/16 06:55,1987,04,16,2.9,15.9,43,8.2,0.1,0.6,1.8,8,0.1,0.3,5.7,0,1.5,6.6,4.6,0.661513463,0.687346111,-1.915147335,,,,,,
1987/04/30 07:33,1987,04,30,2.1,11.5,31,6.3,0.1,0.6,1.4,5.9,0.1,0.1,5,0,1.4,5.2,2,0.497387055,0.479040327,1.87896499,,,,,,
1987/05/07 08:16,1987,05,07,2,9.5,30,6.3,0.1,0.7,1.3,5.5,0.1,0.1,4.5,0,2.7,6.4,2,0.469335312,0.447676284,2.361914294,,,,,,
1987/05/14 07:20,1987,05,14,1.8,9.4,28,6,0.1,0.5,1.3,5.1,0,0.2,5,0,1.7,4.9,2,0.4312983,0.415254804,1.895155318,,,,,,
1987/06/11 08:00,1987,06,11,3.2,10.3,36,7.4,0.1,0.7,1.3,6.8,0,0.1,5.8,0,4.1,5.3,6.8,0.580151869,0.543318675,3.278518915,,,,,,
1987/06/18 09:50,1987,06,18,1.1,7.4,19,5,0.1,0.4,0.5,3.8,0.1,0,4.4,0,1.4,2,2,0.277018232,0.295337171,-3.200623059,,,,,,
1987/06/25 07:20,1987,06,25,0.5,5.6,18,4.4,0.1,0.3,0.5,3.8,0.1,0.1,4.3,0,1.5,2,2,0.2445355,0.246245849,-0.348495044,,,,,,
1987/07/02 07:55,1987,07,02,2.3,9.1,30,6.4,0.1,0.5,1.1,5.7,0,0.1,5.5,0,3.3,5.2,4.7,0.465862007,0.465434693,0.045883798,,,,,,
1987/07/09 06:50,1987,07,09,4.2,13.1,42,8.4,0.1,0.4,1.5,7.3,0,0,5.8,0,4.2,5.1,8.2,0.660554583,0.64441668,1.236648093,,,,,,
1987/07/16 07:00,1987,07,16,3.8,13.5,41,7.9,0.1,0.4,1.4,7.3,0,0,5.8,0,4,4.3,8.1,0.632374005,0.637034962,-0.367175375,,,,,,
1987/10/01 06:20,1987,10,01,0.5,9.2,17,4.2,0.1,0.6,0.5,5.5,0.1,0,4.5,0,1.8,2,2,0.326121178,0.346041397,-2.963601242,,,,,,
1987/10/08 06:55,1987,10,08,3.7,15.2,41,8.4,0.1,0.5,1.2,9.5,0,0,5.7,0,3.5,2,8.9,0.709135288,0.653055481,4.116883463,,,,,,
1987/10/22 06:45,1987,10,22,2.3,13.8,32,6.8,0.1,0.8,1.1,7.3,0,0,5.5,0,3.6,2,5.1,0.543099859,0.537618861,0.507162259,,,,,,
1987/10/29 06:42,1987,10,29,2.9,14.5,42,7.6,0.1,0.6,1.1,8.3,0.1,0.1,5.4,0,3.6,2,9.2,0.616943773,0.640950074,-1.90845211,,,,,,
1987/11/05 08:00,1987,11,05,4.1,12.2,38,7,0.1,0.5,0.5,6.9,0,0,5.5,0,4.3,2,10.3,0.558428765,0.596548439,-3.300469778,,,,,,
1987/11/12 06:36,1987,11,12,3.1,12.8,37,7.5,0.1,0.7,1.1,6.3,0,0.1,4.5,0,2.5,2,7.9,0.536964303,0.56706275,-2.726241883,,,,,,
1987/11/26 06:45,1987,11,26,2.1,12.9,33,6.4,0.1,0.6,1.3,6.3,0,0.1,5,0,2.2,2,6.8,0.500992351,0.547879652,-4.470259508,,,,,,
1987/12/03 06:30,1987,12,03,3.1,14.2,33,6.4,0.1,0.5,1.3,6.3,0,0.1,5.7,0,1.6,2,4.2,0.548310118,0.53249937,1.462861713,,,,,,
1987/12/10 06:40,1987,12,10,1.9,10.6,26,5.6,0.1,0.4,1,4.9,0,0.1,4.4,0,2.1,2,4.2,0.400341276,0.431090919,-3.698394568,,,,,,
1987/12/17 06:50,1987,12,17,2.5,12.8,30,6.4,0.1,0.5,1,5.5,0,0.1,4.6,0,1.9,2,4.3,0.458910965,0.49506275,-3.789599783,,,,,,
1987/12/24 07:00,1987,12,24,2.1,12.4,29,6.4,0.1,0.8,1.2,5.8,0,0.1,4.8,0,2,2,4.3,0.476137858,0.483795145,-0.797689733,,,,,,
1988/01/28 06:30,1988,01,28,2.3,11.6,39,6.2,0.1,0.6,1.3,7.7,0,0,5.7,0,1.3,2,10.8,0.571836979,0.58964703,-1.533387564,,,,,,
1988/02/04 06:40,1988,02,04,3.3,14.3,43,8,0.1,0.8,1.6,6.4,0.1,0.5,4.7,0,1.7,2,9,0.600552555,0.637767884,-3.005306919,,,,,,
1988/02/11 06:50,1988,02,11,2.6,13.9,41,7.1,0.1,0.6,1.4,7.6,0.1,0,5.6,0,1.1,2,9,0.596237755,0.618435763,-1.827487615,,,,,,
1988/02/25 06:30,1988,02,25,2.8,13.5,44,7.6,0.1,0.9,1.5,7.9,0.1,0.1,5.7,0,1.1,2,11.7,0.635159382,0.66278106,-2.128115993,,,,,,
1988/03/17 06:50,1988,03,17,2.3,15.7,39,7.8,0.1,0.6,1.6,6.9,0.1,0.1,5.2,0,1.4,2,6.3,0.567301284,0.616752891,-4.176464936,,,,,,
1988/04/21 07:05,1988,04,21,3,15.1,40,7.9,0.1,0.7,1.6,7.2,0.1,0.1,5.5,0,2.6,2,7.1,0.617815025,0.615851483,0.15916313,,,,,,
1988/05/05 07:20,1988,05,05,3.2,11.7,36,7,0.1,0.5,1.3,5.7,0.1,0.1,5.5,0,3,2,9.6,0.532766249,0.570076835,-3.383127386,,,,,,
1988/05/12 08:10,1988,05,12,2.6,13.8,33,6.6,0.1,0.7,1.4,7,0.1,0.1,5.1,0,2.9,2,5.3,0.572708343,0.543231765,2.641412216,,,,,,
1988/05/19 07:25,1988,05,19,2.6,14.1,37,6.8,0.1,0.6,1.4,7,0.1,0.1,5.5,0,2.9,2,7.6,0.570150798,0.597682469,-2.357500119,,,,,,
1988/05/26 07:26,1988,05,26,2.4,14.1,34,6.9,0.1,0.5,1.3,7,0.1,0.1,5.7,0,4,2,6.5,0.549387738,0.575682469,-2.337163518,,,,,,
1988/06/30 07:20,1988,06,30,2.9,12.2,36,8.1,0.1,0.5,1.1,6.6,0.1,0.1,5.7,0,3.9,2,7.6,0.540473184,0.544161342,-0.34003689,,,,,,
1988/07/14 07:50,1988,07,14,1.1,8.7,23,4.8,0.1,0.4,0.5,4.6,0.1,0,4.6,0,2.6,2,2,0.311800841,0.331956889,-3.130999083,,,,,,
1988/08/18 06:34,1988,08,18,0.5,9.4,23,4.4,0.1,0.6,0.5,6,0,0,4.8,0,3.7,2,2,0.342304753,0.351675199,-1.350247412,,,,,,
1988/09/08 07:11,1988,09,08,1.9,13.3,33,5.9,0.1,0.7,0.5,8.2,0.1,0,5.7,0,3.6,2,5.2,0.515895464,0.525534354,-0.925543947,,,,,,
1988/09/15 07:11,1988,09,15,1.9,12.9,34,5.9,0.1,0.7,0.5,7.9,0.1,0.1,5.7,0,3.7,2,6.5,0.502851985,0.541879652,-3.735664271,,,,,,
1988/10/06 07:33,1988,10,06,2,12.1,34,7.2,0.1,0.7,0.5,7.9,0.1,0.1,5.4,0,3.9,2,7,0.507839517,0.529344441,-2.073395361,,,,,,
1988/10/27 07:27,1988,10,27,2.2,11.9,38,7.4,0.2,0.7,0.5,7.9,0.1,0.1,5.6,0,4,2,8.9,0.517814579,0.566973796,-4.53168728,,,,,,
1988/11/03 08:09,1988,11,03,2.6,12.7,39,7.6,0.1,0.7,0.5,7.9,0.1,0,5.5,0,3.6,2,8.9,0.537764704,0.582632946,-4.004671223,,,,,,
1988/11/24 09:35,1988,11,24,2.3,12.1,38,7.3,0.1,0.7,1.1,7.5,0,0,5.1,0,2.1,2,9.8,0.549237966,0.583731537,-3.044527771,,,,,,
1989/02/23 06:17,1989,02,23,2.4,14.8,43,7.5,0.1,0.8,1.5,7.5,0.1,0.1,6.3,0,1.2,2,9.1,0.595260408,0.647400779,-4.195863747,,,,,,
1989/03/02 06:20,1989,03,02,2.5,19.3,54,10.5,0.1,3.1,2.3,9.7,0.1,0.5,6.2,0,2.3,5.2,7.8,0.820567264,0.821210249,-0.039163961,,,,,,
1989/03/23 06:28,1989,03,23,3.1,15,44,8,0.1,1.3,1.5,7.5,0,0.1,6.4,0,2.8,2,10.3,0.637405295,0.677034581,-3.014918167,,,,,,
1989/03/30 07:18,1989,03,30,3.1,14.9,41,7.8,0.1,0.9,1.4,7.2,0.1,0.1,6.5,0,2.5,2,9.1,0.61145674,0.65021768,-3.07218241,,,,,,
1989/04/06 06:26,1989,04,06,3.8,12.1,36,7.9,0.1,0.6,1.3,6.6,0,0,6.7,0,4.4,2,9.1,0.59882386,0.569731537,2.489597181,,,,,,
1989/04/13 07:40,1989,04,13,4.2,13.4,44,8.1,0.1,0.7,1.4,7.2,0,0,6.3,0,4.3,2,11.6,0.655648938,0.656351256,-0.053530285,,,,,,
1989/05/11 07:20,1989,05,11,1.7,8.1,23,5.1,0.1,0.8,0.5,3.5,0,0.1,5.8,0,1.1,2,2,0.298574564,0.316668384,-2.940922752,,,,,,
1989/05/25 07:49,1989,05,25,3.2,14.2,39,8.5,0.2,0.5,1.4,6.7,0.1,0,6.9,0,3.8,2,9,0.584474962,0.632149625,-3.918600958,,,,,,
1989/06/01 09:25,1989,06,01,2.1,9.5,26,5.7,0.1,0.7,1,4.6,0.1,0,6.5,0,2.4,2,4.1,0.41050105,0.396492101,1.735944035,,,,,,
1989/06/08 11:00,1989,06,08,2.6,10.7,32,7.4,0.1,0.5,1.3,5.6,0,0,6.5,0,3.7,2,6.8,0.49293768,0.484294918,0.884411989,,,,,,
1989/06/15 11:12,1989,06,15,4.1,12.3,41,8.2,0.1,0.6,1.4,6.7,0.1,0,6.9,0,3.7,2,10.6,0.631920287,0.60536534,2.146226114,,,,,,
1989/07/06 08:10,1989,07,06,0.5,7.2,18,4.7,0.1,0.6,0.5,4.2,0.1,0.1,6.1,0,1.6,2,2,0.269599439,0.291316272,-3.871674868,,,,,,
1989/07/13 07:26,1989,07,13,1.7,10.8,26,6.2,0.1,0.4,1,5.6,0.1,0,6.5,0,3.3,2,5,0.426356552,0.451111819,-2.821214729,,,,,,
1989/08/03 07:25,1989,08,03,1.5,9.8,25,4.7,0.1,0.5,0.5,5.2,0.1,0,6.2,0,2,2,2,0.360395467,0.362942805,-0.352164161,,,,,,
1989/08/10 07:34,1989,08,10,1.5,10.8,27,5.2,0.1,0.6,0.5,5.9,0.1,0.1,6.3,0,3,2,2,0.393387794,0.392724722,0.084348218,,,,,,
1989/08/17 10:14,1989,08,17,2.1,14.3,33,6.2,0.1,0.5,1,6.9,0.1,0.2,6.5,0,3.1,4.2,2,0.505385961,0.538714815,-3.192110843,,,,,,
1989/09/07 10:41,1989,09,07,1.1,9.2,21,4,0.1,0.4,0.5,4.7,0.1,0,6.6,0,1.6,2,2,0.316148667,0.346041397,-4.514222009,,,,,,
1989/09/14 08:14,1989,09,14,2.1,12.7,29,5.9,0.1,0.2,1,5.7,0.1,0,6.7,0,2.9,2,2,0.445539413,0.444632946,0.101830568,,,,,,
1989/09/28 06:38,1989,09,28,1.9,13.2,32,6,0.1,0.4,1,6.7,0.1,0,6.3,0,2.9,2,4.7,0.484157701,0.512717453,-2.8649276,,,,,,
1989/10/05 07:06,1989,10,05,2.7,13.7,35,6.4,0.1,0.3,1.1,6.6,0.1,0,6.5,0,3.2,2,6.1,0.525383033,0.55480196,-2.723508239,,,,,,
1989/10/12 07:04,1989,10,12,2.2,13.7,37,6.5,0.1,0.5,1.2,7.3,0.1,0,6.4,0,3.4,2,7.5,0.544225702,0.58280196,-3.422831546,,,,,,
1989/10/19 10:11,1989,10,19,2,12.9,34,6.6,0.1,0.5,1.1,7.6,0.1,0,7.1,0,3.2,2,7.7,0.539063665,0.564266749,-2.284273461,,,,,,
1989/12/07 06:31,1989,12,07,2.8,12.3,43,7.7,0.3,1,1.5,7.7,0.1,0.2,6.6,0,1.6,2,11.9,0.629021275,0.645117462,-1.26329945,,,,,,
1990/01/04 06:45,1990,01,04,2.7,14.5,41,7.7,0.1,0.8,1.9,7.5,0.1,0.1,6.9,0,0.8,2,8.2,0.643144813,0.620950074,1.755781028,,,,,,
1990/01/11 07:03,1990,01,11,2.4,16.3,43,8.1,0.1,0.9,1.9,8.6,0.1,0.1,6.7,0,1.7,2,8.1,0.678565851,0.6696543,0.660986342,,,,,,
1990/01/18 07:21,1990,01,18,2.6,14.8,43,7.8,0.1,0.8,2,7.5,0.1,0.1,6.9,0,1,2,9.3,0.646387734,0.651400779,-0.38627592,,,,,,
1990/01/26 07:26,1990,01,26,2.8,15.2,42,7.9,0.1,0.8,2,7.6,0.1,0.1,7.1,0,1,2,8.6,0.660710623,0.648668384,0.919690801,,,,,,
1990/02/01 07:11,1990,02,01,2.2,15.4,45,8.1,0.2,0.8,1.9,8.3,0.1,0.1,6.8,0,1.1,4.2,9.4,0.652989765,0.721350985,-4.974109912,,,,,,
1990/02/08 06:48,1990,02,08,2.5,15.8,45,8.3,0.1,0.9,2,8.2,0.1,0.1,6.7,0,0.7,2,9.7,0.67439253,0.687569793,-0.967520334,,,,,,
1990/02/15 07:15,1990,02,15,2.5,16.2,44,8.5,0.1,0.7,2,8.3,0.1,0,6.7,0,0.9,2,8.8,0.673625267,0.679224495,-0.413883966,,,,,,
1990/02/22 07:00,1990,02,22,1.6,11.4,36,6.1,0.1,0.8,1.7,5.9,0.1,0.1,6.2,0,2,2,9,0.502255847,0.549626131,-4.503383913,,,,,,
1990/03/15 07:03,1990,03,15,2.2,16.6,43,8.6,0.1,0.8,2.3,7.6,0.1,0.1,6.5,0,1,4.9,6.4,0.655476794,0.704458802,-3.601788844,,,,,,
1990/03/22 06:42,1990,03,22,2,17.7,42,8.5,0.1,0.9,2.3,7.6,0.1,0.1,6.4,0,1.1,4,5.6,0.648059276,0.700714229,-3.903913623,,,,,,
1990/03/29 06:35,1990,03,29,2.2,16.8,39,10.4,0.1,0.8,2,7.4,0.1,0.1,7,0,1.4,4.4,4.5,0.622089783,0.661686778,-3.084414806,,,,,,
1990/05/17 07:32,1990,05,17,1.6,12.5,33,7.8,0.1,0.9,1.4,5.5,0.6,0.1,6.9,0,5,2,5.3,0.490508507,0.506612046,-1.615004228,,,,,,
1990/05/31 06:56,1990,05,31,0.5,8.9,19,4.2,0.1,0.4,1,4.6,0.1,0,5.9,0,3,2,2,0.323027917,0.337590692,-2.204414907,,,,,,
1990/09/20 07:20,1990,09,20,3.4,13,39,7.8,0.1,0.4,1.9,6,0,0.1,6.6,0,3.7,2,8.3,0.597054405,0.580696553,1.388905824,,,,,,
1990/10/04 07:00,1990,10,04,3.3,14.5,43,8,0.1,0.3,2.3,7.3,0.1,0.1,6.5,0,3.8,2,8.5,0.684508434,0.626950074,4.388881508,,,,,,
1990/10/18 07:57,1990,10,18,2.1,12.8,37,6.9,0.1,0.4,1.9,6.6,0.1,0.1,6.4,0,4,2,7.9,0.563859012,0.56706275,-0.283285617,,,,,,
1990/11/10 11:06,1990,11,10,2.3,13.2,36,7.1,0.1,0.4,2.1,5.8,0.1,0.1,6.3,0,2.8,2,7,0.555512371,0.560330356,-0.431779965,,,,,,
1990/11/29 06:56,1990,11,29,2.6,12.9,38,6.9,0.1,0.5,2.2,5.7,0.1,0.1,6.4,0,1.7,2,7.7,0.576915136,0.565879652,0.965657516,,,,,,
1990/12/06 07:03,1990,12,06,2.3,13,36,7.1,0.1,0.5,2.3,5.7,0.1,0.1,6.3,0,1.2,4,6.2,0.570182995,0.580319862,-0.881081475,,,,,,
1991/01/24 07:14,1991,01,24,1.9,15.3,33.5,7.3,0.1,0.4,2.1,6.5,0.1,0,6.4,0,0.9,2,4.2,0.565997029,0.561872382,0.365702465,,,,,,
1991/02/14 07:10,1991,02,14,2.4,16.9,39.7,8.3,0.1,0.4,2.3,6.7,0.1,0,6.6,0,0.8,2,6.9,0.616091242,0.660942805,-3.512166572,,,,,,
1991/02/21 07:18,1991,02,21,2.2,14.8,36.7,8,0.1,0.4,2.2,6.9,0.1,0.1,6.9,0,1,2,6.1,0.606581379,0.587400779,1.606439465,,,,,,
1991/02/28 07:10,1991,02,28,2.7,15.2,36,7.6,0.1,0.6,1.8,7,0.1,0.2,6.9,0,0.8,2,4.2,0.60806014,0.562281287,3.911580964,,,,,,
1991/03/06 07:50,1991,03,06,2.5,14.8,35,7.5,0.1,0.5,1.8,6.5,0.1,0.1,7,0,1,2,4,0.573788402,0.545400779,2.536445518,,,,,,
1991/03/21 07:11,1991,03,21,2.6,18.4,43,8,0.1,0.7,2.7,6.8,0.1,0.1,6.9,0,0.8,2,5.9,0.671008575,0.684809229,-1.0178841,,,,,,
1991/04/04 07:20,1991,04,04,2.9,16,38,7.9,0.1,0.6,1.9,7.4,0.1,0.2,6.8,0,1.5,2,4.7,0.643656959,0.594816499,3.94360172,,,,,,
1991/09/19 08:09,1991,09,19,0.5,6.4,15,3.6,0.1,0.2,1.8,2.5,0,0,5.8,0,1.8,2,2,0.286896546,0.267168157,3.560665119,,,,,,
1991/11/14 06:41,1991,11,14,3,14.4,46,9,0.1,0.4,1.9,6.8,0.4,0.1,7.4,0,3,2,12.1,0.634109111,0.696133173,-4.662613915,,,,,,
1991/12/19 07:12,1991,12,19,6.3,13.2,57,10.2,0.1,1.4,1.7,5.8,0.2,0.6,7.5,0,1,2,18.1,0.75322281,0.790394872,-2.408113264,,,,,,
1992/02/27 11:00,1992,02,27,3.1,9.7,43,8.1,0.2,0.9,2.1,5.6,0.1,0.1,6.5,0,1.9,5.6,12.5,0.599504692,0.651923921,-4.188751057,,,,,,
1992/03/05 11:35,1992,03,05,3.3,10,43,8.8,0.2,1,2.2,5.3,0,0.1,6.6,0,1.3,5.3,12.2,0.601668718,0.648131129,-3.717588162,,,,,,
1992/03/19 10:45,1992,03,19,3.3,9.2,43,8.4,0.1,0.9,2.2,5.7,0.1,0.2,6.3,0,1.4,6.8,11.2,0.622058033,0.633163145,-0.884713551,,,,,,
1992/03/26 10:57,1992,03,26,3.6,9.8,42,8.7,0.1,0.9,2.2,5,0.1,0.1,7.6,0,1.3,2,12.8,0.606585844,0.580555708,2.192673276,,,,,,
1992/04/16 07:06,1992,04,16,3.6,11.4,53,9.6,0.3,1,3.1,6.6,0.1,0.1,7.5,0.3,2.1,5.2,16.8,0.75278268,0.792223425,-2.552788957,,,,,,
1992/04/23 11:09,1992,04,23,1,7.2,24,5.3,0.1,0.3,1.1,4.3,0.1,0,7.1,0,2.9,2,5.9,0.340595003,0.367703368,-3.827252293,,,,,,
1992/08/06 12:13,1992,08,06,1.4,7.3,30,5,0.2,0.5,1.3,5,0.1,0.1,7.2,0,3.2,2,9.1,0.412555905,0.441396331,-3.377287957,,,,,,
1992/10/15 11:34,1992,10,15,1.1,5.9,21,3.5,0.1,0.6,1,3.7,0,0,5.5,0,1.5,2,4.8,0.313382203,0.30908365,0.69056854,,,,,,
1992/11/12 10:10,1992,11,12,0.5,5.6,21,4.2,0.1,0.4,1,4.6,0,0,6,0,3.1,2,4.7,0.317472362,0.298632946,3.057823977,,,,,,
1992/12/10 11:11,1992,12,10,1.5,7.4,28,4.9,0.1,0.4,1.7,5,0.1,0.1,6.3,0,3.2,4,5.8,0.447907702,0.414573383,3.864933283,,,,,,
1992/12/17 11:41,1992,12,17,2,8.5,36,6.3,0.2,0.8,1.9,5.7,0,0.1,6.6,0,2.9,8.7,6.8,0.524415669,0.568637233,-4.045692916,,,,,,
1993/01/07 13:20,1993,01,07,1.4,5.5,21,4.6,0.1,1.1,0.5,4.8,0.1,0,7.3,0,2.4,6.4,2,0.3533619,0.333387324,2.908569068,,,,,,
1993/01/21 10:57,1993,01,21,3,10.1,47,7.8,0.2,0.7,2.1,7.3,0.1,0.2,6.6,0,1,10.5,10,0.663315115,0.716781537,-3.874107109,,,,,,
1993/03/04 13:16,1993,03,04,3.4,10.2,46,7.7,0.2,0.8,2.2,7,0.1,0.1,7,0,1.7,6.7,12,0.681009758,0.678901248,0.155047675,,,,,,
1993/03/18 08:58,1993,03,18,3.8,9.7,48,8.2,0.1,0.8,2.1,6.8,0,0.1,7.5,0,1.5,8.3,12.9,0.678478223,0.71085223,-2.330187722,,,,,,
1993/05/20 10:47,1993,05,20,3.3,9.1,41,7.3,0.1,0.5,1.3,6.2,0,0.1,7,0,3.2,2,13.8,0.553937355,0.580837398,-2.370518347,,,,,,
1993/06/03 10:37,1993,06,03,1.6,6.1,20,4.2,0.1,0.5,1.2,3.3,0,0,6.9,0,1.9,2,4.8,0.334831916,0.314717453,3.096679579,,,,,,
1993/06/17 12:08,1993,06,17,1.4,6.6,24,5,0.1,0.6,1.3,3.9,0,0.1,7.3,0,2.8,4,4.5,0.361731807,0.366038172,-0.591720625,,,,,,
1993/08/19 08:53,1993,08,19,2.2,6.6,30,6.2,0.4,0.6,1.7,4.9,0,0.1,7.3,0,3.1,4.1,7.3,0.478032128,0.439908811,4.153133944,,,,,,
1993/11/18 09:11,1993,11,18,3,9.4,38,7.4,0.2,0.8,1.9,5.9,0,0.2,7.1,0,0.9,7.8,7.1,0.582986633,0.58287176,0.009853103,,,,,,
1993/11/25 15:38,1993,11,25,3.6,13,39,8.1,0.1,0.9,1.9,6.5,0,0.2,6.6,0,0.9,6.4,4.8,0.641556321,0.603880736,3.025089452,,,,,,
1993/12/16 07:26,1993,12,16,5,9.8,48,8.7,0.2,0.8,2,5.8,0,0.2,7,0,1,8.1,12.6,0.686619883,0.710382862,-1.700997283,,,,,,
1993/12/30 08:58,1993,12,30,3.5,10.5,40,8.2,0.4,0.9,2,5.9,0.1,0.2,6.6,0,0.5,5.4,8.7,0.624267842,0.60643602,1.448912464,,,,,,
1994/01/20 09:33,1994,01,20,2.8,10,38,7.3,0.2,0.8,1.7,6.5,0,0.2,6.6,0,0.6,5.3,8.3,0.582637622,0.571744032,0.943673168,,,,,,
1994/02/17 10:23,1994,02,17,3,12.5,42,8.1,0.4,1.7,2,6.4,0,0.2,7.4,0,1,4.6,8.5,0.635974119,0.642124725,-0.481230841,,,,,,
1994/12/08 09:06,1994,12,08,4.6,12.2,57,8.8,0.3,1.8,2.5,8.7,0,0.2,7.1,0,0.8,5.5,16.6,0.859484426,0.809141352,3.017038019,,,,,,
1994/12/22 08:18,1994,12,22,3.5,12.1,40,7.6,0.3,1.7,1.8,6.4,0,0.2,6.7,0,0.7,5.3,6.5,0.64445087,0.60016212,3.558435469,,,,,,
1994/12/29 08:13,1994,12,29,3.3,11.4,44,9.7,0.4,1.6,1.7,6.8,0,0.2,7,0,0.9,2,11.9,0.641079114,0.625028508,1.267712654,,,,,,
1995/01/05 08:36,1995,01,05,3.4,12.7,43,8,0.4,1.7,1.8,6.9,0,0.2,6.8,0,0.7,4.3,9.2,0.661202469,0.655515031,0.431940602,,,,,,
1995/01/19 11:25,1995,01,19,3.2,13,41,7.7,0.1,1.7,1.4,7.2,0,0.1,6.8,0,0.4,5.4,6.7,0.631349074,0.619456179,0.950819114,,,,,,
1995/05/18 08:48,1995,05,18,4.1,11.3,52,9.1,0.2,1.8,2,7.5,0,0.1,7,0,1.5,5.6,15.8,0.741220594,0.762994344,-1.447515862,,,,,,
1995/06/15 09:04,1995,06,15,1.4,7.1,30,6.7,0.1,1.2,1.1,5.3,0,0.1,7.1,0,1.2,7,5.6,0.421485736,0.464557643,-4.861151083,,,,,,
1995/06/22 09:51,1995,06,22,3.9,11.2,57,10.8,0.2,1.8,1.8,9.2,0,0.1,7.3,0,2,17.1,8.9,0.788697669,0.861511469,-4.412398282,,,,,,
1995/06/29 08:22,1995,06,29,3.1,8.7,47,7.9,0.2,1.8,1.7,7.1,0,0.1,7.1,0,2.2,9.6,11.9,0.64926262,0.695001525,-3.402523647,,,,,,
1995/08/24 10:17,1995,08,24,1.7,6.3,30,6.1,0.1,1.4,1.2,5.4,0,0.1,6.7,0,2.3,6.1,6.7,0.454141697,0.445291942,0.983925268,,,,,,
1995/08/31 08:56,1995,08,31,5.8,8.5,55,9.6,0.1,1.5,1.7,7.2,0,0.1,7,0,3.1,6.3,19.1,0.780601153,0.759426104,1.374978827,,,,,,
1995/09/07 11:45,1995,09,07,3.5,9.2,50,7.9,0.1,0.6,1.9,8.7,0,0.1,6.7,0,4.5,9.2,13.5,0.72454833,0.727498212,-0.203153432,,,,,,
1995/10/05 07:05,1995,10,05,3.9,10,52,9.6,0.1,1.4,2.1,9,0,0.2,6.5,0,2.9,5.9,15.5,0.794463196,0.722967867,4.711603126,,,,,,
1995/10/26 11:17,1995,10,26,2.2,9.8,40,7.4,0.1,1.4,1.5,7.4,0,0.1,7,0,3,5.1,9.9,0.590727233,0.587071837,0.310358176,,,,,,
1995/11/02 10:54,1995,11,02,4,8.9,48,7.2,0.1,1.4,1.9,7,0,0.1,6.8,0,3.4,2,17,0.6960333,0.639203596,4.256151477,,,,,,
1995/11/09 10:06,1995,11,09,3.3,8.5,44,7.6,0.1,1.3,1.2,6.9,0,0.1,6.9,0,3.2,2,15.4,0.596602043,0.59593599,0.055851697,,,,,,
1995/11/16 11:20,1995,11,16,4.3,9,47,8,0.1,2.3,1.4,7.4,0,0.1,7.5,0,2.1,5.8,13.3,0.710252838,0.647104784,4.652278261,,,,,,
1995/12/07 10:00,1995,12,07,3.3,9.9,47,7.2,0.1,2.1,1.3,6.7,0,0,7,0,3.1,2,16.7,0.616597201,0.659759706,-3.381695586,,,,,,
1996/01/04 08:37,1996,01,04,3.8,12,50,7.9,0.1,2.2,1.6,7.3,0,0.1,7.2,0,1.2,5.5,13.7,0.694870716,0.73336833,-2.695460104,,,,,,
1996/01/18 11:49,1996,01,18,4.2,12.7,54,8.9,0.2,1.9,1.6,7.8,0.1,0.1,7.3,0,1.2,6.7,15.1,0.734442893,0.811323783,-4.973641343,,,,,,
1996/01/25 09:07,1996,01,25,4.1,13.4,48,8.9,0.1,2.8,1.9,5.5,0,0.1,7.2,0,0.9,5.6,11.4,0.671609067,0.728886115,-4.089771181,,,,,,
1996/02/22 09:03,1996,02,22,3.5,12.9,50,7.7,0.2,1.3,1.9,7.6,0.1,0.1,7.4,0,1.4,5,13.8,0.700180612,0.755577773,-3.805381583,,,,,,
1996/03/14 10:00,1996,03,14,4.5,16.5,49,8.7,0.1,2.4,1.7,8.1,0,0.1,7,0,1.8,4.1,9.2,0.777911585,0.740992577,2.430634484,,,,,,
1996/04/04 12:14,1996,04,04,3.9,12.6,53,8.8,0.2,2.2,1.9,7.6,0,0.1,6.9,0,1.3,8,13.1,0.737593084,0.795562033,-3.781023086,,,,,,
1996/04/11 09:38,1996,04,11,3.8,12,46,8,0.1,0.8,1.6,7.6,0,0.1,6.9,0,1.5,4.8,11.8,0.672108568,0.680800172,-0.642438296,,,,,,
1996/06/06 08:02,1996,06,06,3.9,10.2,44,8.2,0.1,2.1,2.1,5.1,0,0.1,6.9,0,3.5,2,13.7,0.642800792,0.609823314,2.632671543,,,,,,
1996/06/27 08:22,1996,06,27,3.8,9.4,43,8,0.1,0.5,1.4,6.7,0,0.2,7,0,3.5,9,9.4,0.608844594,0.648582587,-3.16026204,,,,,,
1996/07/11 14:09,1996,07,11,3,8.7,39,7.4,0.1,0.8,1.4,6.5,0,0.2,6.8,0,3.1,2,12,0.567921326,0.535182696,2.967864292,,,,,,
1996/07/18 10:00,1996,07,18,3.7,9.3,45,8.4,0.1,0.7,1.8,7.2,0,0.3,6.9,0,3.1,2,14.8,0.663633093,0.609697008,4.235828984,,,,,,
1996/07/25 09:45,1996,07,25,2.4,9.2,36,6.7,0.1,0.8,1.5,5.5,0,0.2,6.9,0,1.1,4.1,9.7,0.502748331,0.546971677,-4.212870673,,,,,,
1996/08/08 10:03,1996,08,08,4.4,9,48,9,0.1,0.6,1.6,6.8,0,0.3,7,0,3.5,7.3,13.8,0.662136057,0.691548072,-2.172738449,,,,,,
1996/08/15 11:42,1996,08,15,4.8,10.5,48,8.3,0.1,0.8,1.7,5.8,0,0.3,6.7,0,3.5,2,16.4,0.651953463,0.675499825,-1.773799644,,,,,,
1996/10/03 11:23,1996,10,03,2.7,8.2,36,7.1,0.1,0.6,1.5,6.2,0,0.2,6.5,0,3.1,2,12.7,0.543030618,0.535098189,0.735758915,,,,,,
1996/10/10 09:16,1996,10,10,4.5,10.3,51,9.1,0.1,0.7,2.2,7.8,0,0.4,6.3,0,3.5,2,17.8,0.76254211,0.699478925,4.313425269,,,,,,
1996/10/31 09:18,1996,10,31,3,9.5,39,6.4,0.1,0.9,1.5,6.5,0,0.2,6.9,0,3,2,12.1,0.578709324,0.559717907,1.668215239,,,,,,
1996/11/07 09:33,1996,11,07,2.5,8.5,39,6.1,0.1,0.5,1.1,6.8,0.1,0.2,7.1,0,3.2,2,13,0.529218712,0.549548893,-1.88457468,,,,,,
1996/11/14 08:22,1996,11,14,3.4,9.1,45,7.3,0.1,0.7,1.4,7.8,0,0.3,7,0,3.6,2,14.3,0.641835645,0.594063205,3.86540052,,,,,,
1996/11/21 07:50,1996,11,21,4.4,9.1,41,6.8,0.1,0.5,1.5,6,0,0.2,7.4,0,2.9,5,11.5,0.616565451,0.598885265,1.454619699,,,,,,
1996/11/28 05:00,1996,11,28,4.7,9.3,48,8,0.1,0.6,1.6,6.8,0,0.2,7.1,0,3.3,2,17.4,0.67709865,0.660084104,1.272417394,,,,,,
1996/12/05 10:27,1996,12,05,4.2,9.7,41,7.3,0.1,0.6,1.3,6.5,0,0.1,7.2,0,3.2,2,13,0.614426158,0.581738807,2.732679217,,,,,,
1996/12/12 09:08,1996,12,12,4.3,10.3,51,8.5,0.1,0.6,1.7,7.7,0,0.3,7.4,0,3.5,2,17.1,0.704509413,0.683866022,1.48687386,,,,,,
1997/01/16 10:40,1997,01,16,3.6,9,41,7.9,0.1,0.7,1.6,6.7,0,0.2,6.9,0,1.4,2,14.7,0.620445526,0.5976334,1.872795388,,,,,,
1997/01/23 10:00,1997,01,23,3.3,9,42,7.7,0.1,0.7,1.6,6.7,0,0.2,6.8,0,1.2,2,15.5,0.605482933,0.6136334,-0.668555358,,,,,,
1997/02/06 08:00,1997,02,06,5.3,9.1,47,8.7,0.2,0.7,1.7,6.4,0,0.2,7.1,0,1.4,2,17.7,0.70042053,0.665713459,2.540531987,,,,,,
1997/02/06 08:03,1997,02,06,2.8,10.3,41,7,0.1,0.6,1.4,6.8,0,0.2,7,0,1.1,4.5,11.1,0.565874653,0.614282255,-4.101793732,,,,,,
1997/02/13 08:50,1997,02,13,3.4,10.5,40,7.5,0.1,0.6,1.4,7.2,0,0.2,7.1,0,2.4,4.6,9.6,0.613191144,0.591997223,1.758556722,,,,,,
1997/02/20 09:39,1997,02,20,2.9,9.8,41,7.6,0.1,0.7,1.7,6.9,0.1,0.2,7,0,1.4,4.8,11.2,0.608014468,0.608441244,-0.035083545,,,,,,
1997/02/27 10:00,1997,02,27,13.2,9,82,12.1,0.1,0.7,2,7.2,0,0.2,8,0,1.3,5.3,36,1.15390946,1.09231186,2.742276513,,,,,,
1997/03/06 08:38,1997,03,06,3.5,12.6,43,7.6,0.1,0.6,1.7,6.5,0,0.2,7,0,1.4,5.5,9.4,0.612435251,0.665882642,-4.181071965,,,,,,
1997/03/27 11:00,1997,03,27,2.8,8.9,39,7.4,0.1,0.6,1.6,6.7,0.1,0.1,6.9,0,1.3,2,12,0.583543288,0.539203596,3.949215329,,,,,,
1997/04/10 09:44,1997,04,10,2.8,10.8,43,7.2,0.1,0.8,1.9,6.4,0.1,0.1,7,0,1.3,4,12.9,0.600306257,0.652348031,-4.154520127,,,,,,
1997/04/17 09:17,1997,04,17,3.1,11.5,43,8,0.1,0.7,2,6.8,0,0.2,6.8,0,1.3,2,14,0.632777507,0.654055935,-1.653549529,,,,,,
1997/05/08 08:49,1997,05,08,3.1,8.8,48,8.1,0.1,0.8,1.9,6.9,0.1,0.2,6.9,0,1.3,4.8,16.6,0.637007981,0.68827223,-3.868181901,,,,,,
1997/05/22 07:20,1997,05,22,3.6,10.9,48,8,0.1,0.6,1.7,7.5,0,0.1,6.8,0,1.5,6.1,13.8,0.660901043,0.716869407,-4.062241611,,,,,,
1997/06/03 09:30,1997,06,03,9.3,10,69,10.6,0.1,0.6,1.7,7.1,0,0.1,7.6,0,1.4,6.5,27.4,0.927799015,0.971841956,-2.318487643,,,,,,
1997/07/10 08:34,1997,07,10,3.5,8,40,6.7,0.1,0.6,1.2,6.6,0.1,0.1,7.4,0,2.7,2,12.9,0.581186369,0.531851483,4.43245358,,,,,,
1997/09/25 08:45,1997,09,25,3,6.8,34,6.2,0.1,0.5,1.4,5.9,0,0.1,6.9,0,2.9,4.7,9.5,0.534161736,0.486240133,4.696346001,,,,,,
1997/09/25 09:45,1997,09,25,27.5,24.4,288,40.1,0.3,6.2,13,27.2,0.5,0.2,8.3,0.1,0.2,21.2,136.4,3.810484168,3.878704194,-0.887220118,,,,,,
1997/10/02 07:15,1997,10,02,5.1,9.7,57,8.5,0.1,0.7,2.1,7.2,0.1,0.2,6.8,0,3.5,5.5,20.6,0.763705443,0.808192501,-2.830149245,,,,,,
1997/10/09 07:30,1997,10,09,5,9.7,55,8.8,0.1,0.6,2.1,7.6,0.1,0.2,6.8,0,3.3,5.6,19.1,0.773551671,0.780273666,-0.432609423,,,,,,
1997/10/16 06:40,1997,10,16,5.3,8.1,52,8.8,0.1,0.7,1.8,6.8,0,0.2,7.3,0,3.7,5.7,18.5,0.726042287,0.725284409,0.052219686,,,,,,
1997/10/23 11:40,1997,10,23,4.6,7.7,46,8,0.1,0.7,1.6,6.7,0.1,0.1,7.3,0,3.2,4.3,15.8,0.675876393,0.629267584,3.571162275,,,,,,
1997/11/13 07:12,1997,11,13,3.4,10.6,40,7.9,0.1,0.7,1.7,6.8,0,0.2,7.2,0,1.3,4.8,9.4,0.623048743,0.594976455,2.304737801,,,,,,
1998/01/15 06:36,1998,01,15,3.5,10.5,45,8.6,0.1,0.8,1.7,6.9,0,0.1,7.4,0,1.2,7.4,11.3,0.634941645,0.682656953,-3.621384241,,,,,,
1998/01/22 07:20,1998,01,22,3.2,11.9,42,8.7,0.1,0.6,1.1,7.4,0.1,0.1,7,0,1.2,4.3,10.4,0.592775931,0.639577443,-3.797734699,,,,,,
1998/02/26 07:25,1998,02,26,3.6,11.9,49,9,0.1,0.7,1.5,9,0,0.1,7.5,0,1.5,6.1,12.7,0.712215073,0.723038421,-0.754107057,,,,,,
1998/03/27 07:30,1998,03,27,3.8,11.9,47,8.3,0.1,0.8,1.6,8.2,0,0.1,7.1,0,1.4,7.2,10.7,0.698195525,0.705931241,-0.550927237,,,,,,
1998/04/09 07:15,1998,04,09,3.9,10.4,43,8.5,0.1,0.8,1.1,7.4,0,0.2,7.1,0,2.9,2,12.3,0.627248184,0.58907002,3.138830253,,,,,,
1998/05/28 09:50,1998,05,28,3.9,8.6,48,8.7,0.1,0.6,2.2,7.7,0,0.1,7.1,0,3.3,7.7,13.9,0.725711552,0.687379322,2.712651423,,,,,,
1998/06/04 09:35,1998,06,04,4,9.2,44,6.8,0.1,0.6,1.7,7.3,0,0.1,7.2,0,3.1,5.8,12.1,0.672155515,0.628738587,3.337468301,,,,,,
1998/06/18 07:42,1998,06,18,3.9,8.3,43,7.6,0.1,0.7,1.4,6.4,0,0.1,6.8,0,3.2,5.5,12.9,0.605903736,0.613142978,-0.593844503,,,,,,
1998/06/25 07:25,1998,06,25,4.2,8.3,44,7.9,0.1,0.6,1.5,6.4,0,0.1,7.1,0,3.2,5.6,13.4,0.626539237,0.625224143,0.105059319,,,,,,
1998/07/02 10:04,1998,07,02,4.1,10.7,43,6.6,0.1,0.7,1.3,6.1,0,0.1,7.3,0,3.3,4.3,12.1,0.594604867,0.639774626,-3.659308915,,,,,,
1998/07/30 07:15,1998,07,30,3.8,10.4,37,7.5,0.1,0.6,1.3,6.2,0,0.1,6.8,0,3.4,2,9.8,0.581432555,0.537457117,3.93027478,,,,,,
1998/08/13 10:12,1998,08,13,3.8,10.1,36,7.3,0.1,0.5,1.2,6,0,0.1,7.4,0,2.8,4.3,7.6,0.561948906,0.532873218,2.655745365,,,,,,
1998/08/20 09:58,1998,08,20,4.3,10.7,41,6.9,0.1,0.6,1.3,6.6,0,0.1,6.8,0,3.2,5.4,9.3,0.623761515,0.606667446,1.389277213,,,,,,
1998/09/03 11:15,1998,09,03,4.7,11.2,46,7.9,0.1,0.6,1.5,6.2,0.1,0.1,7.4,0,2.9,6.8,12.2,0.648336797,0.70788827,-4.390972739,,,,,,
1998/10/15 10:00,1998,10,15,4.6,18.5,59,11.1,0.1,0.7,2,10.1,0,0.1,7.3,0,3.2,5.3,14.1,0.851068735,0.920304591,-3.908597592,,,,,,
1998/12/03 09:55,1998,12,03,4.6,10.7,46,7.6,0.1,0.7,1.3,6.5,0,0.1,7.5,0,3.1,4.3,14.3,0.636933828,0.683774626,-3.546641843,,,,,,
1998/12/10 07:25,1998,12,10,6.1,11.8,54,8,0.1,0.8,1.5,6.6,0,0.1,7.3,0.1,3.1,6.2,16.9,0.735113071,0.80946058,-4.813464779,,,,,,
1998/12/17 07:12,1998,12,17,5.5,10.3,48,8.4,0.1,0.5,1.4,5.8,0,0.1,7.7,0,3,2,16.7,0.654502189,0.672640215,-1.366697835,,,,,,
1998/12/24 08:21,1998,12,24,5.4,10.5,46,8,0.1,0.7,1,6,0,0.1,7.2,0,2.9,2,15.1,0.630403589,0.646274018,-1.24310393,,,,,,
1998/12/31 09:37,1998,12,31,2.9,13.1,39,8,0.1,0.6,1.6,6.7,0,0.1,6.9,0,0.8,2,8.7,0.582975263,0.591513455,-0.726970927,,,,,,
1999/01/14 08:15,1999,01,14,2.9,12.9,41,7.8,0.1,0.7,1.5,7.1,0,0.1,7.4,0,0.9,4.7,8.8,0.59469366,0.644071119,-3.986023848,,,,,,
1999/01/21 07:12,1999,01,21,2.3,12.7,39,7.8,0.1,0.7,1.5,7.1,0,0.1,7.2,0,0.8,2,8.7,0.564768473,0.580245849,-1.351719031,,,,,,
1999/02/11 08:38,1999,02,11,3,14.7,43,8.4,0.1,0.7,2.1,6.8,0,0.1,7.1,0,0.9,4.6,8.8,0.636020429,0.692694179,-4.265306494,,,,,,
1999/02/18 15:48,1999,02,18,3.3,14.7,41,8.3,0.1,0.7,2,7,0,0.1,7,0,0.9,4.5,7,0.651448222,0.654613014,-0.242315742,,,,,,
1999/03/18 08:09,1999,03,18,3.5,15.2,42,8.8,0.1,0.6,1.7,7.9,0,0,6.6,0,1.7,4.5,6.7,0.673304816,0.661084617,0.915789518,,,,,,
1999/03/25 08:00,1999,03,25,4.1,17.2,51.7,8.8,0.1,0.8,2.1,8.2,0,0.1,7.4,0,1.6,6.4,10.2,0.754310381,0.828577692,-4.691886442,,,,,,
1999/04/01 08:11,1999,04,01,3.8,15.2,44.3,8.8,0.1,0.5,1.3,8,0,0.1,7.2,0,1.4,5.9,7.7,0.65713588,0.711833837,-3.995556379,,,,,,
1999/04/08 07:26,1999,04,08,3.5,14,43.4,8.4,0.1,0.6,1.4,7.7,0,0.1,6.8,0,1.6,5.7,8.4,0.639917806,0.687868689,-3.611339894,,,,,,
1999/04/15 07:58,1999,04,15,4.7,13,49.3,8.9,0.1,0.8,2,6.9,0,0.1,7,0,3.3,6.5,12.1,0.719483377,0.750348999,-2.099941634,,,,,,
1999/05/06 09:15,1999,05,06,6.4,12.3,56,9,0.1,0.7,1.9,6.6,0,0.1,7.2,0,3.4,2,20.5,0.780439931,0.804978243,-1.547750173,,,,,,
1999/05/20 08:32,1999,05,20,6.1,12.4,52,8.8,0.1,0.7,1.7,6.8,0,0.1,7,0,3.6,2,17.8,0.757712084,0.753795145,0.259141292,,,,,,
1999/06/03 08:20,1999,06,03,5.3,12.8,55.1,8.7,0.1,0.7,1.8,7.4,0,0.1,6.9,0,3,4.1,18.2,0.752129244,0.816767225,-4.119964716,,,,,,
1999/06/10 11:30,1999,06,10,5.9,11.5,55.3,8.5,0.1,0.7,1.6,6.8,0,0.1,6.9,0,2.8,4,20,0.739506569,0.814066341,-4.799245117,,,,,,
1999/06/24 08:34,1999,06,24,1.7,9.2,25,5.3,0.2,0.6,0.5,5,0,0.1,5.8,0,1.8,2,2,0.358676866,0.352917458,0.809366847,,,,,,
1999/07/08 09:13,1999,07,08,3,11.9,38,7.6,0.1,0.4,1.3,6.7,0,0.1,6.5,0,3,4.3,7.9,0.558156347,0.589577443,-2.737664141,,,,,,
1999/07/22 07:41,1999,07,22,2.6,11.3,34,6.8,0.1,0.5,1.6,6.3,0,0.1,6.5,0,2.9,4.4,5.8,0.548063821,0.5327572,1.416203058,,,,,,
1999/07/29 08:48,1999,07,29,3.1,11.3,34,7.1,0.1,0.4,1.4,6.4,0,0.1,6.5,0,2.9,4.2,5.2,0.558330852,0.516594869,3.88268531,,,,,,
1999/11/18 08:09,1999,11,18,5,11.4,48.5,8.4,0.2,0.8,1.8,7,0.1,0.1,7.4,0,3.4,5.5,13.6,0.727888446,0.719730079,0.563571606,,,,,,
1999/12/16 10:04,1999,12,16,3.9,13.6,41.4,8.5,0.2,1.3,1.8,6.4,0.1,0.1,7.3,0,0.8,5.3,6.9,0.659726371,0.64353958,1.242017507,,,,,,
2000/01/13 08:42,2000,01,13,3.7,14.4,45.6,8.8,0.1,0.9,1.8,7,0,0,7.4,0,0.7,7.6,8,0.66005253,0.729065535,-4.968116563,,,,,,
2000/01/20 11:12,2000,01,20,4,13.2,44.1,8.6,0.1,0.9,1.8,7.3,0.1,0.1,7.4,0,0.6,5.4,8.9,0.693614158,0.669089981,1.799669904,,,,,,
2000/02/17 09:26,2000,02,17,3,14.6,38.7,8.7,0.1,0.6,1.9,7.4,0.1,0.1,7.2,0,1,2,7,0.648644491,0.599766976,3.915176689,,,,,,
2000/03/02 10:18,2000,03,02,3.2,14.6,44.8,8.5,0.1,0.9,1.8,7.7,0.1,0.1,6.8,0,1.3,5.6,8.8,0.671105213,0.710688932,-2.864661103,,,,,,
2000/03/09 10:00,2000,03,09,3.1,14.5,50.1,8.5,0.1,0.8,1.7,9.3,0,0.1,7,0,1.4,6.3,11.2,0.719339346,0.770440189,-3.4300943,,,,,,
2000/04/20 07:47,2000,04,20,3.6,14.3,44.1,8.8,0.2,0.9,1.9,8.2,0.1,0.1,7,0,1,5.9,7,0.721024921,0.677744882,3.094150181,,,,,,
2000/04/27 07:50,2000,04,27,3,14.8,46.6,8.5,0.1,0.9,1.8,8.9,0,0,6.8,0,1.3,5.6,9.1,0.707748508,0.720709832,-0.907364497,,,,,,
2000/05/04 08:39,2000,05,04,3.2,14,41.5,8.7,0.1,0.8,1.8,8.5,0,0.1,6.8,0,1.5,5.1,6.4,0.697774721,0.635381696,4.680097841,,,,,,
2000/05/11 07:37,2000,05,11,3,14.8,39.1,8.7,0.1,0.9,1.7,8,0,0.1,6.5,0,1.7,5.3,4.1,0.66038762,0.616079239,3.471173696,,,,,,
2000/05/18 09:00,2000,05,18,4.2,14.1,46.5,9.4,0.1,0.8,1.8,8.2,0,0.1,7.1,0,1.1,4.9,9.8,0.734606555,0.702036267,2.267111016,,,,,,
2000/05/25 08:20,2000,05,25,4.5,12.4,48.2,8.3,0.1,0.8,1.7,7.4,0.1,0.1,7,0,3.4,2,15.3,0.712111642,0.703795145,0.587361931,,,,,,
2000/06/01 08:05,2000,06,01,5.1,14.3,49,8.8,0.1,0.8,1.7,7.4,0,0.1,6.9,0,3.5,4.5,11.8,0.736481274,0.739345408,-0.194069818,,,,,,
2000/06/08 08:00,2000,06,08,4.9,12,47.6,8.4,0.1,0.8,1.7,6.9,0,0.1,7.1,0,3.5,5.1,12.8,0.704767081,0.707043668,-0.161253005,,,,,,
2000/06/15 08:26,2000,06,15,4.4,13.3,47,8.6,0.1,0.7,1.7,6.7,0.1,0.1,6.7,0,3.5,4.8,12.2,0.674131784,0.72541989,-3.664609703,,,,,,
2000/06/22 08:24,2000,06,22,5.5,14,49.9,8.9,0.1,0.7,1.7,6.4,0,0.1,7,0,3.5,4.7,13.4,0.710395593,0.767057035,-3.835076721,,,,,,
2002/01/03 07:15,2002,01,03,2.7,11.2,34,6.8,0.1,0.7,1.7,6,0,0,7.2,0,1.4,2,7.8,0.553353416,0.518379425,3.263312425,,,,,,
2002/01/10 08:10,2002,01,10,2.7,11.9,37.1,6.9,0.1,0.8,1.8,5.2,0.1,0.1,6.7,0,1.1,2,9.9,0.53491436,0.581710638,-4.190867834,,,,,,
2002/01/31 08:20,2002,01,31,4.9,11.6,45.5,8.6,0.1,0.8,1.7,5.4,0,0.1,6.9,0,3.6,2,15.2,0.63954969,0.679259934,-3.011067193,,,,,,
2002/04/25 09:00,2002,04,25,2.7,10.1,34.2,8.4,0.1,0.6,1.7,4.9,0.1,0.1,7.1,0,1.8,6.7,5.6,0.508525339,0.542821189,-3.262088028,,,,,,
2002/11/28 09:00,2002,11,28,5.5,12.6,43.8,8.8,0.1,0.6,1.3,6,0,0.1,7.5,0,1.6,2,12.4,0.657524933,0.651428948,0.465714297,,,,,,
2003/05/01 08:31,2003,05,01,6,14.3,52.2,10.2,0.1,0.5,1.6,6.8,0,0.1,6.9,0,3.9,8.1,11.8,0.739379011,0.814267364,-4.820167226,,,,,,
2003/06/05 07:05,2003,06,05,6.1,13.7,49.9,9.4,0.2,0.6,1.3,6.4,0.1,0.1,7.2,0,3.3,2,15.6,0.71039698,0.751678021,-2.823455778,,,,,,
2003/08/14 08:30,2003,08,14,4.7,15.3,53.5,9.7,0.2,0.6,1.7,9.3,0,0.1,7.1,0,3.6,5,13.5,0.794024755,0.817183407,-1.437346985,,,,,,
2003/09/11 09:00,2003,09,11,1.3,5,24.4,4.8,0.1,0.4,0.5,5.7,0,0,6.5,0,2.3,2,7.5,0.364046435,0.337731537,3.749746825,,,,,,
2003/10/30 08:35,2003,10,30,5.1,13.8,52.2,9.1,0.1,0.6,1.8,8.3,0,0.1,6.9,0,3.6,9.3,10.5,0.778727072,0.799156843,-1.294757537,,,,,,
2003/11/20 09:06,2003,11,20,4.2,11.7,45.5,7.6,0.1,0.6,1.3,7.6,0,0.1,6.9,0,3.4,3,13.7,0.662252245,0.672888489,-0.796638441,,,,,,
2003/12/18 07:45,2003,12,18,3.1,14.6,41.5,7.7,0.1,0.8,1.7,7.2,0,0.2,6.7,0,1.7,8.4,4,0.628034998,0.674574468,-3.57278763,,,,,,
2004/01/08 07:30,2004,01,08,2.7,16.4,44.9,9.4,0.1,0.8,1.9,8.2,0,0.2,6.8,0,1.3,3,8.9,0.66802404,0.710895759,-3.10907997,,,,,,
2004/02/12 10:00,2004,02,12,3.2,14,44.1,8,0.1,0.8,2.1,7.9,0,0.2,6.5,0,0.8,3,9.9,0.696379123,0.663290125,2.433606375,,,,,,
2004/04/08 09:00,2004,04,08,3.7,16.2,48.7,10.3,0.1,0.7,1.9,8.1,0.1,0.2,6.4,0,1.2,6.9,8.4,0.716549536,0.776427409,-4.010636123,,,,,,
2004/05/20 08:00,2004,05,20,6,14.3,56.1,9.3,0.1,0.9,2,7,0,0.1,7.7,0,3.7,3,18.3,0.791226653,0.838127926,-2.878518525,,,,,,
2004/07/02 11:43,2004,07,02,1.3,6.1,21,4.3,0.1,0.5,1.1,3.7,0,0.1,5.8,0,1.1,3,4,0.329030174,0.321142011,1.213242159,,,,,,
2004/11/04 08:00,2004,11,04,1.2,9.1,,7.2,0.1,0.5,0.5,6.1,0,0.1,6.8,0,3.3,,4,0.379007753,0.343214089,4.95604829,,,,,,
2004/11/18 08:00,2004,11,18,3.8,13.3,40.9,7.9,0.1,0.7,1.5,6.2,0,0.1,7.3,0,3.4,3,9.9,0.600451005,0.641958912,-3.340918814,,,,,,
2005/01/06 08:00,2005,01,06,2,13.2,32.6,7.7,0.1,0.7,1.6,6.4,0.1,0.1,6.7,0,1.2,3,4,0.533157105,0.521142011,1.139628581,,,,,,
2005/02/07 08:00,2005,02,07,9.7,14.7,70.1,11.1,0.1,1.5,2.2,7.6,0.1,0.2,7.4,0,2.7,5.5,22.9,1.039213992,0.995037571,2.171630174,,,,,,
2005/02/21 08:30,2005,02,21,2.4,15.5,37.7,8.1,0.1,0.7,2.1,7.3,0.1,0.1,6.7,0,1,4.3,4,0.633389928,0.612985894,1.637069114,,,,,,
2005/03/02 09:40,2005,03,02,3.3,15.3,34.8,8.5,0.1,0.8,0.5,7.2,0,0.2,6.7,0,1.3,2,4,0.539244628,0.561098189,-1.986068358,,,,,,
2005/03/16 09:00,2005,03,16,3.1,14.8,44.2,8.2,0.1,0.8,1.6,7.8,0.1,0.2,6.1,0,1.7,10.1,4,0.651447058,0.715588084,-4.691980774,,,,,,
2005/03/23 10:00,2005,03,23,3,14.5,38.1,8.5,0.1,0.8,1.5,7.5,0.1,0.2,5.4,0,1.4,4.8,4,0.625185595,0.59683561,2.319925791,,,,,,
2005/03/30 09:30,2005,03,30,3.3,15.2,43.6,8.7,0.1,0.9,1.7,8,0.1,0.2,6.4,0,1.5,8.5,4,0.680905769,0.693557042,-0.920452145,,,,,,
2005/04/06 09:45,2005,04,06,5.7,15.4,51.2,10.1,0.1,0.9,2.1,8,0,0.2,7,0,1.3,4.5,11,0.827972773,0.755944227,4.547494986,,,,,,
2005/05/04 08:10,2005,05,04,4.7,10.4,44.9,7.2,0.1,0.7,1.4,6.1,0,0,6.6,0,3.5,2,15.7,0.632760507,0.653844213,-1.638708917,,,,,,
2005/05/18 08:05,2005,05,18,4,11.2,42.1,7,0.1,0.7,1.6,6.6,0,0.1,7.7,0,3.5,2,12.6,0.636047825,0.615992328,1.601825369,,,,,,
2005/08/25 08:25,2005,08,25,2.4,11.8,32.4,7.3,0.1,0.5,1.6,5.7,0,0,6.6,0,,5.3,4,0.512001802,0.527959293,-1.534431576,,,,,,
2005/12/08 10:00,2005,12,08,3.2,12.7,37.4,7.7,0.1,0.7,1.6,6.3,0.1,0.2,6.8,0,1.5,6.9,4,0.588659653,0.589835859,-0.099805795,,,,,,
2006/02/15 09:00,2006,02,15,2.6,14.5,37.9,7.6,0.1,0.7,1.8,6.7,0,0.2,7.5,0,1.7,5.9,4,0.58703112,0.61972843,-2.709513302,,,,,,
2006/03/15 08:10,2006,03,15,3.2,12.5,39.7,7.6,0.1,0.8,2,6.7,0,0.2,7,0,1.3,8.6,4,0.635974757,0.619581869,1.305627099,,,,,,
2006/04/06 09:40,2006,04,06,2.5,13.4,38.4,7.4,0.1,0.7,1.8,6.9,0,0.2,7.2,0,1.2,7.2,4,0.590739241,0.615797666,-2.076888389,,,,,,
2006/07/03 08:30,2006,07,03,3.6,13.7,41.9,8,0.1,0.6,1.4,6.5,0,0,7.9,0,3.5,2,11.1,0.592731424,0.65480196,-4.975460928,,,,,,
2007/01/18 13:57,2007,01,18,3.9,15.4,47.3,9.7,0.1,0.8,1.9,7.7,0.1,0.2,6.2,0,1.5,6.5,8.1,0.711690839,0.739567536,-1.920863805,,,,,,
2009/03/01 10:00,2009,03,01,4.1,21.2,,11.4,,2.2,2.2,12.1,0,0,7.5,0,0.8,1.5,14.1,0.967911678,0.91040058,3.061849671,,,,,,
2009/06/01 10:00,2009,06,01,4.4,22.4,,11.6,,2.2,1.6,11,0,0.7,6.6,0,2,4.1,9.4,0.885665469,0.915604022,-1.662080727,,,,,,
2009/12/01 10:00,2009,12,01,4.1,20.7,,11,,2.1,0.8,12.1,0.2,0.1,7.4,0,0.7,1.5,12.1,0.861238907,0.857928977,0.192530959,,,,,,