mon_feature_id,date_time,sample_begin_depth,institution_abbr,preservative_abbr,Ca_Diss_Water,Cl_Diss_Water,DMS_Tot_Water,EC_Phys_Water,F_Diss_Water,K_Diss_Water,KJEL_N_Tot_Water,Mg_Diss_Water,Na_Diss_Water,NH4_N_Diss_Water,NO3_NO2_N_Diss_Water,P_Tot_Water,pH_Diss_Water,PO4_P_Diss_Water,Si_Diss_Water,SO4_Diss_Water,TAL_Diss_Water,Station,Qat,,,,,,,,
101979,1979/04/17 17:15,0,DWS-RQIS,NONE,4.5,21.9,59,12,0.15,1.13,#N/A,1.6,13.1,0.02,0.02,#N/A,6.32,0.027,5.82,4.3,10.3,G2H020Q01,G22H,,,,,,,,
101979,1979/04/24 17:00,0,DWS-RQIS,NONE,8.6,31,105,18.5,0.14,2.8,#N/A,3.8,19.3,0.02,0.08,#N/A,6.72,0.044,5.77,2,31.5,G2H020Q01,G22H,,,,,,,,
101979,1979/05/01 15:35,0,DWS-RQIS,NONE,8.1,18.8,87,14.3,0.31,3.74,#N/A,2.6,12.8,0.02,0.37,#N/A,6.29,0.037,5.05,9.4,24.5,G2H020Q01,G22H,,,,,,,,
101979,1979/05/15 16:00,0,DWS-RQIS,NONE,5.2,21.9,76,13.8,1.78,1.71,#N/A,2.8,14.8,0.02,0.04,#N/A,6.94,0.028,5.86,2,20.8,G2H020Q01,G22H,,,,,,,,
101979,1979/06/12 15:45,0,DWS-RQIS,NONE,4.4,19.5,65,11.7,0.05,1.27,#N/A,2.7,11.1,0.02,0.39,#N/A,6.5,0.014,3.04,2,16.5,G2H020Q01,G22H,,,,,,,,
101979,1979/06/20 07:10,0,DWS-RQIS,NONE,3.8,18,51,10.2,0.05,0.93,#N/A,2.2,9.9,0.02,0.16,#N/A,6.6,0.027,4.44,2,11.1,G2H020Q01,G22H,,,,,,,,
101979,1979/11/21 11:55,0,DWS-RQIS,NONE,6.2,25.2,89,15.3,0.15,1.51,#N/A,3.6,16.4,0.02,0.22,#N/A,6.6,0.238,5.59,2,26.3,G2H020Q01,G22H,,,,,,,,
101979,1979/12/05 12:40,0,DWS-RQIS,NONE,6.7,24.7,92,14.4,0.05,1.86,#N/A,3.8,15.6,0.02,0.08,#N/A,6.4,0.003,6.17,5.2,27.3,G2H020Q01,G22H,,,,,,,,
101979,1979/12/12 07:50,0,DWS-RQIS,NONE,6.6,26,102,16.9,0.05,1.93,#N/A,3.2,17.5,0.02,0.47,#N/A,6.21,0.003,6.52,4.7,32.3,G2H020Q01,G22H,,,,,,,,
101979,1979/12/26 11:40,0,DWS-RQIS,NONE,6.1,23.8,84,15.4,0.24,2.49,#N/A,3.9,15.2,0.02,0.07,#N/A,6.4,0.006,4.4,6.9,20.9,G2H020Q01,G22H,,,,,,,,
101979,1980/01/02 10:55,0,DWS-RQIS,NONE,3.2,18.9,62,10.8,0.05,1.14,#N/A,2,12.6,0.02,0.02,#N/A,6.59,0.003,4.38,4.8,16,G2H020Q01,G22H,,,,,,,,
101979,1980/01/09 13:03,0,DWS-RQIS,NONE,7.4,34.9,145,22.4,0.05,2.95,#N/A,4.5,26.6,0.02,2.92,#N/A,6.59,0.141,5.16,8.1,38.4,G2H020Q01,G22H,,,,,,,,
101979,1980/01/16 18:10,0,DWS-RQIS,NONE,8.9,31.2,118,19.4,0.11,2.67,#N/A,4.5,21.9,0.02,0.02,#N/A,6.58,0.003,6.46,7.3,34.1,G2H020Q01,G22H,,,,,,,,
101979,1980/01/23 08:30,0,DWS-RQIS,NONE,9.1,29.4,117,18.5,0.05,2.98,#N/A,3.4,20.2,0.02,0.16,#N/A,6.62,0.042,5.47,8.1,35.3,G2H020Q01,G22H,,,,,,,,
101979,1980/01/30 10:00,0,DWS-RQIS,NONE,12.5,40.2,163,25.9,0.12,4.54,#N/A,4.9,26.4,0.18,0.77,#N/A,6.7,0.624,5.61,5,52.2,G2H020Q01,G22H,,,,,,,,
101979,1980/02/06 08:54,0,DWS-RQIS,NONE,13.9,49.2,271,40.3,0.05,9.03,#N/A,6.4,49.8,0.07,0.82,#N/A,7.1,0.255,6.23,7.9,107,G2H020Q01,G22H,,,,,,,,
101979,1980/02/13 09:08,0,DWS-RQIS,NONE,27.8,48.2,221,34.6,0.15,3.73,#N/A,5.4,28.5,0.04,0.02,#N/A,7.26,0.033,4.44,10.4,79.6,G2H020Q01,G22H,,,,,,,,
101979,1980/02/20 09:08,0,DWS-RQIS,NONE,7.4,21.6,95,16.3,0.15,2.91,#N/A,2.3,16.1,0.02,0.06,#N/A,6.67,0.061,4.58,5.6,31.8,G2H020Q01,G22H,,,,,,,,
101979,1980/02/27 16:50,0,DWS-RQIS,NONE,14.4,45.5,183,28.1,0.17,5.24,#N/A,5.3,30.8,0.02,0.68,#N/A,6.31,0.112,5.65,11.1,55.2,G2H020Q01,G22H,,,,,,,,
101979,1980/03/05 08:58,0,DWS-RQIS,NONE,13.2,45,186,28.6,0.12,6.55,#N/A,7,27.6,0.13,0.02,#N/A,6.5,0.005,6.75,2,68.1,G2H020Q01,G22H,,,,,,,,
101979,1980/03/12 09:18,0,DWS-RQIS,NONE,11.6,30.5,148,23.9,0.24,4.61,#N/A,5.7,19.6,0.32,0.02,#N/A,6.47,0.005,5.76,4.6,57.8,G2H020Q01,G22H,,,,,,,,
101979,1980/03/19 09:25,0,DWS-RQIS,NONE,12.1,40.9,184,29.6,0.19,4.66,#N/A,5.8,29.9,0.02,0.15,#N/A,6.65,0.03,6.28,5.4,68.9,G2H020Q01,G22H,,,,,,,,
101979,1980/03/26 09:32,0,DWS-RQIS,NONE,13.7,45.8,205,31.8,0.16,5.51,#N/A,7.8,32.3,0.2,0.02,#N/A,6.41,0.003,8,5.1,77.4,G2H020Q01,G22H,,,,,,,,
101979,1980/04/23 07:40,0,DWS-RQIS,NONE,3.9,12.2,43,8.1,0.16,1.1,#N/A,1,7.9,0.02,0.02,#N/A,5.57,0.012,3.04,2,12.4,G2H020Q01,G22H,,,,,,,,
101979,1980/05/07 09:25,0,DWS-RQIS,NONE,9,32.3,110,20.2,0.31,3,#N/A,3.5,21.1,0.04,0.02,#N/A,6.5,0.059,4.33,5.9,28.4,G2H020Q01,G22H,,,,,,,,
101979,1980/05/14 08:55,0,DWS-RQIS,NONE,4.8,14.8,50,9.2,0.05,1.44,#N/A,0.5,9.5,0.02,0.02,#N/A,5.9,0.012,3.04,2,12.5,G2H020Q01,G22H,,,,,,,,
101979,1980/05/21 08:55,0,DWS-RQIS,NONE,5.6,20.4,66,12.1,0.05,1.65,#N/A,1.6,14,0.02,0.02,#N/A,6.07,0.013,5,5.2,14.1,G2H020Q01,G22H,,,,,,,,
101979,1980/05/28 08:00,0,DWS-RQIS,NONE,3.9,16.4,53,9,0.1,0.93,#N/A,2.3,9.4,0.02,0.02,#N/A,6,0.011,3,4,13.2,G2H020Q01,G22H,,,,,,,,
101979,1980/06/04 08:40,0,DWS-RQIS,NONE,7.9,28.7,94,16.5,0.12,1.77,#N/A,4.3,16.3,0.02,0.02,#N/A,6.4,0.003,5.44,6,23.3,G2H020Q01,G22H,,,,,,,,
101979,1980/06/11 08:30,0,DWS-RQIS,NONE,9.1,35.8,109,19.3,0.11,1.85,#N/A,4.1,20.5,0.02,0.02,#N/A,6.33,0.01,6.15,8,23.9,G2H020Q01,G22H,,,,,,,,
101979,1980/07/09 08:20,0,DWS-RQIS,NONE,5.2,19.5,64,11.3,0.1,1.26,#N/A,2.6,11.5,0.1,0.02,#N/A,5.92,0.003,4.38,2,16.9,G2H020Q01,G22H,,,,,,,,
101979,1980/07/23 08:50,0,DWS-RQIS,NONE,5.9,24.4,76,13.9,0.05,1.32,#N/A,2.3,15.3,0.02,0.02,#N/A,6.27,0.003,4.86,2,19.2,G2H020Q01,G22H,,,,,,,,
101979,1980/08/06 08:00,0,DWS-RQIS,NONE,6,22.2,76,13.4,0.05,1.46,#N/A,2.5,14.2,0.02,0.13,#N/A,6.29,0.005,5.01,4.6,20.2,G2H020Q01,G22H,,,,,,,,
101979,1980/08/27 07:20,0,DWS-RQIS,NONE,3.1,18.7,62,10.3,0.11,1.15,#N/A,2.1,12,0.04,0.02,#N/A,5.78,0.025,2.38,4.2,16.8,G2H020Q01,G22H,,,,,,,,
101979,1980/09/03 08:12,0,DWS-RQIS,NONE,3.3,17.1,56,9.8,0.13,1.08,#N/A,1.9,11.3,0.02,0.02,#N/A,5.98,0.003,4.06,5.7,12.4,G2H020Q01,G22H,,,,,,,,
101979,1980/09/10 08:00,0,DWS-RQIS,NONE,2.8,15.4,55,9.3,0.05,1.04,#N/A,1.8,10.5,0.02,0.02,#N/A,5.75,0.006,3.92,4.7,15.6,G2H020Q01,G22H,,,,,,,,
101979,1980/10/01 07:00,0,DWS-RQIS,NONE,5.1,21.7,76,13.2,0.05,1.26,#N/A,3.1,13.3,0.02,0.11,#N/A,6.06,0.003,4.83,4.9,21,G2H020Q01,G22H,,,,,,,,
101979,1980/10/15 07:30,0,DWS-RQIS,NONE,6.5,26.7,90,18,0.29,1.92,#N/A,3.5,14.7,0.02,0.02,#N/A,6.27,0.008,5.32,7.4,24,G2H020Q01,G22H,,,,,,,,
101979,1980/10/22 07:05,0,DWS-RQIS,NONE,13.9,72.3,195,35.8,0.28,3.69,#N/A,8.9,39.6,0.02,0.5,#N/A,6.6,0.003,5.35,10.7,35.9,G2H020Q01,G22H,,,,,,,,
101979,1980/10/29 06:30,0,DWS-RQIS,NONE,7.1,16.5,70,11.7,0.05,0.98,#N/A,2.1,10.8,0.02,0.02,#N/A,6.2,0.003,4.74,8.7,19.1,G2H020Q01,G22H,,,,,,,,
101979,1980/11/05 07:20,0,DWS-RQIS,NONE,7.3,30.2,103,18.4,0.21,2.48,#N/A,4.3,18,0.02,0.02,#N/A,6.07,0.01,6.11,9.8,24.8,G2H020Q01,G22H,,,,,,,,
101979,1980/12/03 06:45,0,DWS-RQIS,NONE,3.5,13.6,52,8.4,0.11,0.99,#N/A,1.4,9.5,0.02,0.02,#N/A,5.64,0.015,3.49,5.9,13.9,G2H020Q01,G22H,,,,,,,,
101979,1980/12/24 05:35,0,DWS-RQIS,NONE,1.4,7.8,24,4.5,0.13,0.6,#N/A,0.5,5.8,0.02,0.02,#N/A,4.87,0.01,1.49,2,5.7,G2H020Q01,G22H,,,,,,,,
101979,1981/01/28 07:15,0,DWS-RQIS,NONE,2.5,11.1,38,6.6,0.05,0.78,#N/A,1.1,7.2,0.05,0.05,#N/A,4.96,0.262,2.69,2,9.8,G2H020Q01,G22H,,,,,,,,
101979,1981/02/04 07:30,0,DWS-RQIS,NONE,4.5,17.4,66,10.6,0.11,1.21,#N/A,2.4,11.9,0.12,0.02,#N/A,5.54,0.009,4.59,2,20,G2H020Q01,G22H,,,,,,,,
101979,1981/02/18 07:20,0,DWS-RQIS,NONE,5.5,16.2,66,11.1,0.1,1.35,#N/A,2.1,10.4,0.05,0.15,#N/A,5.78,0.006,5.37,5.8,19.4,G2H020Q01,G22H,,,,,,,,
101979,1981/02/25 06:55,0,DWS-RQIS,NONE,5,16.9,67,10.6,0.05,2.12,#N/A,2.2,11.3,0.02,0.05,#N/A,5.7,0.008,4.27,5.9,18.8,G2H020Q01,G22H,,,,,,,,
101979,1981/03/25 06:55,0,DWS-RQIS,NONE,6.6,13.7,60,10,0.11,1.2,#N/A,2,8.3,0.02,0.04,#N/A,5.75,0.005,4.71,5,18.8,G2H020Q01,G22H,,,,,,,,
101979,1981/05/26 17:50,0,DWS-RQIS,NONE,5.7,21.6,76,13.7,0.11,1.6,#N/A,2.7,14.1,0.02,0.02,#N/A,5.91,0.003,4.44,8.4,17.8,G2H020Q01,G22H,,,,,,,,
101979,1981/07/21 17:50,0,DWS-RQIS,NONE,3.5,21,64,10.5,0.05,1.32,#N/A,2.4,13.2,0.02,0.21,#N/A,6.8,0.005,3.58,7.7,11.5,G2H020Q01,G22H,,,,,,,,
101979,1981/08/18 17:20,0,DWS-RQIS,NONE,4.8,22.8,78,12.8,0.05,1.04,#N/A,3.3,14.2,0.04,0.02,#N/A,5.81,0.003,4.05,9.7,18.1,G2H020Q01,G22H,,,,,,,,
101979,1981/10/14 13:30,0,DWS-RQIS,NONE,5.6,25.6,91,15.4,0.11,1.41,#N/A,3.5,19.9,0.04,0.12,#N/A,6.22,0.003,5.08,12.2,17.9,G2H020Q01,G22H,,,,,,,,
101979,1981/11/11 12:10,0,DWS-RQIS,NONE,10,30.5,118,19.6,0.05,3.8,#N/A,4,19.6,0.02,0.27,#N/A,6.4,0.006,5.88,8.8,32.6,G2H020Q01,G22H,,,,,,,,
101979,1982/01/06 10:28,0,DWS-RQIS,NONE,5.8,14.9,58,10,0.05,1.58,#N/A,1.7,9.7,0.02,0.02,#N/A,6.79,0.014,2.43,2,17.4,G2H020Q01,G22H,,,,,,,,
101979,1982/02/03 07:40,0,DWS-RQIS,NONE,6.1,14.5,61,9,0.05,1.45,#N/A,1.6,9.1,0.02,0.04,#N/A,6.79,0.006,2.34,5,18.6,G2H020Q01,G22H,,,,,,,,
101979,1982/03/03 11:25,0,DWS-RQIS,NONE,6.8,22,89,13.5,0.27,1.82,#N/A,2.4,14.9,0.05,0.04,#N/A,6.8,0.005,3.75,12.9,22.6,G2H020Q01,G22H,,,,,,,,
101979,1982/04/28 13:10,0,DWS-RQIS,NONE,5.1,19,123,14.6,0.05,2.34,#N/A,1.7,11.9,3.06,11.54,#N/A,6.3,0.441,2.98,6.5,16.7,G2H020Q01,G22H,,,,,,,,
101979,1982/06/23 14:20,0,DWS-RQIS,NONE,3.1,17,45,8.4,0.05,0.74,#N/A,2,9.5,0.02,0.02,#N/A,6.5,0.003,2.56,2,10.3,G2H020Q01,G22H,,,,,,,,
101979,1982/07/21 14:20,0,DWS-RQIS,NONE,4.9,23.1,77,13.7,0.05,1.27,#N/A,3.1,15.6,0.02,0.15,#N/A,6.8,0.003,3.7,2,20.9,G2H020Q01,G22H,,,,,,,,
101979,1982/09/22 14:25,0,DWS-RQIS,NONE,2.8,19,54,9.8,0.05,1.02,#N/A,2.3,10.6,0.02,1.26,#N/A,6.2,0.016,3.73,4.4,6.5,G2H020Q01,G22H,,,,,,,,
101979,1982/12/01 12:20,0,DWS-RQIS,NONE,11.6,24,120,19.2,0.05,1.27,#N/A,4.9,14.5,0.06,0.5,#N/A,7.2,0.007,3.59,10.7,41.7,G2H020Q01,G22H,,,,,,,,
101979,1983/05/04 15:10,0,DWS-RQIS,NONE,6.4,21.9,82,14,0.14,1.87,#N/A,2.9,12.8,0.02,0.16,#N/A,6,0.006,3.41,12.9,18,G2H020Q01,G22H,,,,,,,,
101979,1983/08/31 12:45,0,DWS-RQIS,NONE,9.4,39.9,124,21.8,0.11,1.98,#N/A,5.3,23.5,0.02,0.26,#N/A,7,0.005,5.36,11.4,26,G2H020Q01,G22H,,,,,,,,
101979,1983/09/07 12:05,0,DWS-RQIS,NONE,8.2,33.7,113,20.2,0.21,2.42,#N/A,4.7,21.1,0.04,0.46,#N/A,6.9,0.041,4.28,11.1,23.8,G2H020Q01,G22H,,,,,,,,
101979,1983/11/09 12:15,0,DWS-RQIS,NONE,6.8,39,117,19.1,0.14,1.59,#N/A,4.5,22,0.04,0.17,#N/A,6.5,0.01,4.58,10.4,26.4,G2H020Q01,G22H,,,,,,,,
101979,1983/11/30 12:47,0,DWS-RQIS,NONE,8.3,29.7,110,17.7,0.05,2.3,#N/A,4.1,18.3,0.04,0.06,#N/A,6.76,0.027,4.81,12.3,28.2,G2H020Q01,G22H,,,,,,,,
101979,1983/12/07 12:57,0,DWS-RQIS,NONE,9.7,44.7,138,25.8,0.17,1.92,#N/A,6,25.6,0.05,0.1,#N/A,7.23,0.025,4.48,17.2,26.4,G2H020Q01,G22H,,,,,,,,
101979,1984/01/25 13:09,0,DWS-RQIS,NONE,21.7,64.1,252,38.9,0.17,4.74,#N/A,11.9,37.2,0.05,0.04,#N/A,7.4,0.016,7.65,9.1,84.5,G2H020Q01,G22H,,,,,,,,
101979,1984/02/29 13:15,0,DWS-RQIS,NONE,26.3,75.8,283,48,0.17,8.52,#N/A,12.9,42.9,0.06,0.08,#N/A,6.55,0.059,9.09,11.2,85.5,G2H020Q01,G22H,,,,,,,,
101979,1984/03/28 12:20,0,DWS-RQIS,HGCL2,8.7,27.8,97,22.4,0.25,2.35,#N/A,3,17.3,0.12,0.07,#N/A,6.9,0.027,5.12,7.9,23.6,G2H020Q01,G22H,,,,,,,,
101979,1984/05/02 13:04,0,DWS-RQIS,HGCL2,8.1,30.7,105,18,0.05,2.32,#N/A,3.6,21.7,0.06,0.13,#N/A,6.3,0.024,5.82,13.6,20,G2H020Q01,G22H,,,,,,,,
101979,1984/05/31 09:30,0,DWS-RQIS,HGCL2,9,36.6,118,20.8,0.05,2.29,#N/A,4.2,20.8,0.06,0.32,#N/A,6.57,0.019,5.87,14,24,G2H020Q01,G22H,,,,,,,,
101979,1984/08/23 10:00,0,DWS-RQIS,HGCL2,8.8,46.3,136,28.4,0.49,2.14,#N/A,7.4,27.4,0.15,0.46,#N/A,7.08,0.035,6.38,16.1,20.5,G2H020Q01,G22H,,,,,,,,
101979,1984/09/27 08:53,0,DWS-RQIS,HGCL2,4.9,26.4,68,14.3,0.11,1.25,#N/A,3.7,13.3,0.06,0.24,#N/A,7.1,0.034,4.58,9.2,6.4,G2H020Q01,G22H,,,,,,,,
101979,1984/10/25 08:35,0,DWS-RQIS,HGCL2,9.8,51.6,147,28.6,0.21,2.65,#N/A,6.7,28.5,0.09,0.51,#N/A,6.68,0.049,6.78,17.2,22.5,G2H020Q01,G22H,,,,,,,,
101979,1984/11/22 08:45,0,DWS-RQIS,HGCL2,13.4,46.4,147,29.3,0.17,3.2,#N/A,6.6,25.7,0.08,0.32,#N/A,7.67,0.054,5.45,16.5,27.3,G2H020Q01,G22H,,,,,,,,
101979,1985/01/17 09:15,0,DWS-RQIS,HGCL2,8.5,36.3,111,17.9,0.11,1.45,#N/A,4.4,18.8,0.02,0.18,#N/A,7.2,0.003,5.36,12.8,23.2,G2H020Q01,G22H,,,,,,,,
101979,1985/04/10 08:36,0,DWS-RQIS,HGCL2,6.5,33.6,95,19.2,0.11,1.81,#N/A,3.2,17.2,0.02,0.07,#N/A,6.85,0.2,4.73,10.3,17.4,G2H020Q01,G22H,,,,,,,,
101979,1985/07/31 09:10,0,DWS-RQIS,HGCL2,10.6,79.3,204,36.8,0.13,2.89,#N/A,9.4,39.1,0.1,0.52,#N/A,7.2,0.042,5.9,17.8,34.3,G2H020Q01,G22H,,,,,,,,
101979,1985/08/28 09:00,0,DWS-RQIS,HGCL2,8.3,44.5,123,24.6,0.1,2.25,0.34,5.5,23.6,0.06,0.39,0.071,7.05,0.029,4.26,12.4,19.7,G2H020Q01,G22H,,,,,,,,
101979,1985/11/20 08:23,0,DWS-RQIS,HGCL2,14,52,181,31.6,0.19,3.23,#N/A,8.6,28.6,0.06,0.12,#N/A,7.5,0.016,5.43,18.4,45.6,G2H020Q01,G22H,,,,,,,,
101979,1985/12/18 08:45,0,DWS-RQIS,HGCL2,14.9,53.1,201,35.2,0.19,3.34,#N/A,9.4,32.7,0.1,0.04,#N/A,7.34,0.118,2.49,22.2,53,G2H020Q01,G22H,,,,,,,,
101979,1986/02/12 08:43,0,DWS-RQIS,HGCL2,17.4,50,204,29.1,0.16,4.22,#N/A,8.8,32.7,0.07,0.02,#N/A,6.6,0.021,4.38,15.4,61.5,G2H020Q01,G22H,,,,,,,,
101979,1986/03/12 08:00,0,DWS-RQIS,HGCL2,16.4,60.2,212,38.7,0.16,4.07,#N/A,9.6,37.6,0.07,0.02,#N/A,7.6,0.146,4.63,18.6,53.2,G2H020Q01,G22H,,,,,,,,
101979,1986/04/09 08:45,0,DWS-RQIS,HGCL2,13,47.1,154,28.8,0.13,3.64,#N/A,6.2,27.9,0.07,0.21,#N/A,7.37,0.021,4.94,15.4,32.2,G2H020Q01,G22H,,,,,,,,
101979,1986/05/07 08:32,0,DWS-RQIS,HGCL2,8.4,41.1,122,22,0.05,1.94,#N/A,4.5,21,0.06,0.12,#N/A,7.1,0.02,6.57,9.7,28.4,G2H020Q01,G22H,,,,,,,,
101979,1986/06/04 09:15,0,DWS-RQIS,HGCL2,4.9,23,66,13,0.05,1.26,#N/A,2.4,10.8,0.2,0.29,#N/A,6.3,0.036,2.57,6.9,12.3,G2H020Q01,G22H,,,,,,,,
101979,1986/07/30 09:20,0,DWS-RQIS,HGCL2,5.7,25,68,14.5,0.05,1.13,#N/A,3.2,12.3,0.08,0.28,#N/A,6.7,0.013,4.2,6.3,10.8,G2H020Q01,G22H,,,,,,,,
101979,1986/08/27 09:12,0,DWS-RQIS,HGCL2,6.6,32.4,96,18.5,0.05,1.55,#N/A,4,17.6,0.12,0.36,#N/A,6.8,0.012,4.46,10.3,18,G2H020Q01,G22H,,,,,,,,
101979,1986/10/22 09:00,0,DWS-RQIS,HGCL2,13.8,59.1,176,29.4,0.15,2.43,#N/A,10.1,30.3,0.04,0.24,#N/A,7.1,0.02,6.13,18.6,33.1,G2H020Q01,G22H,,,,,,,,
101979,1986/11/19 10:00,0,DWS-RQIS,HGCL2,5,27.5,73,14.9,0.21,1.5,#N/A,3,15.2,0.04,0.12,#N/A,6.5,0.009,5.54,5.5,11.8,G2H020Q01,G22H,,,,,,,,
101979,1986/12/17 09:10,0,DWS-RQIS,HGCL2,6,24.8,74,15.1,0.1,1.15,#N/A,3.1,13.5,0.07,0.07,#N/A,6.5,0.017,2.33,5.4,16.2,G2H020Q01,G22H,,,,,,,,
101979,1987/01/14 08:43,0,DWS-RQIS,HGCL2,5.2,25,76,14.1,0.1,1.27,#N/A,2.7,14,0.11,0.12,#N/A,6.85,0.012,3.15,4.7,17.9,G2H020Q01,G22H,,,,,,,,
101979,1987/02/11 11:36,0,DWS-RQIS,HGCL2,5.4,22.2,71,13.2,0.05,1.2,#N/A,2.7,13.4,0.05,0.05,#N/A,6.9,0.007,3.9,7.8,14.9,G2H020Q01,G22H,,,,,,,,
101979,1987/03/11 11:21,0,DWS-RQIS,HGCL2,8.6,30.1,109,20.6,0.13,2.2,#N/A,4.2,18.8,0.02,0.02,#N/A,6.4,0.01,4.09,11.8,27.5,G2H020Q01,G22H,,,,,,,,
101979,1987/05/06 12:05,0,DWS-RQIS,HGCL2,13.1,47.1,141,25.6,0.16,2.96,#N/A,5.5,23.4,0.06,0.12,#N/A,7.1,0.019,5.11,12.5,29.5,G2H020Q01,G22H,,,,,,,,
101979,1987/06/03 12:00,0,DWS-RQIS,HGCL2,10.3,49.9,145,26.2,0.2,2.37,#N/A,6,25.5,0.06,0.34,#N/A,6.8,0.026,5.57,14.9,27.8,G2H020Q01,G22H,,,,,,,,
101979,1987/07/29 10:24,0,DWS-RQIS,HGCL2,6.1,27.4,92,16.2,0.05,1.72,#N/A,3.4,16.1,0.06,0.37,#N/A,6.3,0.034,3.21,9.4,21.3,G2H020Q01,G22H,,,,,,,,
101979,1987/08/26 11:50,0,DWS-RQIS,HGCL2,11.7,54.2,171,33.1,0.21,3.05,#N/A,8,32.2,0.07,0.78,#N/A,7.3,0.029,6.79,17.9,33,G2H020Q01,G22H,,,,,,,,
101979,1987/09/23 10:39,0,DWS-RQIS,HGCL2,6,30.9,95,18,0.22,3.03,#N/A,4,17,0.09,0.46,#N/A,6.8,0.05,3.49,10.6,17.1,G2H020Q01,G22H,,,,,,,,
101979,1987/10/21 12:49,0,DWS-RQIS,HGCL2,9.6,44.9,137,24.3,0.14,1.93,#N/A,6.2,23.9,0.1,0.23,#N/A,6.7,0.037,5.91,12.3,29.9,G2H020Q01,G22H,,,,,,,,
101979,1987/11/18 08:00,0,DWS-RQIS,HGCL2,4.9,24.8,72,13.7,0.05,1.06,#N/A,2.7,14.9,0.11,0.08,#N/A,6.5,0.012,4.93,6.5,13.8,G2H020Q01,G22H,,,,,,,,
101979,1987/12/16 08:48,0,DWS-RQIS,HGCL2,5.4,29.4,78,15.4,0.05,1.15,#N/A,3.3,16.5,0.1,0.11,#N/A,6.66,0.003,4.82,4.8,13.7,G2H020Q01,G22H,,,,,,,,
101979,1988/03/09 08:44,0,DWS-RQIS,HGCL2,5.5,23.1,70,13.5,0.05,1.39,#N/A,2.6,11.5,0.05,0.04,#N/A,5.87,0.018,3.34,5.9,16.3,G2H020Q01,G22H,,,,,,,,
101979,1988/03/16 08:16,0,DWS-RQIS,HGCL2,5.3,18.3,67,11.7,0.12,0.99,#N/A,2.5,12,0.02,0.02,#N/A,6.17,0.045,2.7,7.8,16.3,G2H020Q01,G22H,,,,,,,,
101979,1988/04/13 08:31,0,DWS-RQIS,HGCL2,16,60.3,198,35.5,0.18,4.23,#N/A,8.2,35.5,0.05,0.02,#N/A,7.1,0.036,5.41,8.8,52.6,G2H020Q01,G22H,,,,,,,,
101979,1988/05/04 08:50,0,DWS-RQIS,HGCL2,9.7,45.9,135,26.2,0.17,2.62,#N/A,5.9,24.1,0.02,0.04,#N/A,6.85,0.028,6.14,6.7,32.2,G2H020Q01,G22H,,,,,,,,
101979,1988/07/27 09:25,0,DWS-RQIS,HGCL2,10,46.8,139,27.6,0.13,2.32,#N/A,6.1,27,0.06,0.54,#N/A,6.71,0.024,5.74,12.4,26,G2H020Q01,G22H,,,,,,,,
101979,1988/09/21 08:00,0,DWS-RQIS,HGCL2,9,39.8,121,26.4,0.11,1.97,#N/A,5.6,23,0.07,0.47,#N/A,6.85,0.038,5.27,12.4,22.1,G2H020Q01,G22H,,,,,,,,
101979,1988/10/19 09:41,0,DWS-RQIS,HGCL2,7.6,39.7,112,20.4,0.11,1.39,#N/A,5,23.5,0.02,0.24,#N/A,6.7,0.003,5.85,5.7,22.5,G2H020Q01,G22H,,,,,,,,
101979,1988/12/14 09:30,0,DWS-RQIS,HGCL2,4.4,22.4,62,11.9,0.12,1.2,#N/A,2.4,12.4,0.06,0.09,#N/A,6.2,0.003,2.76,5,10.8,G2H020Q01,G22H,,,,,,,,
101979,1989/01/11 09:38,0,DWS-RQIS,HGCL2,4.5,22.4,58,11.7,0.05,1.13,#N/A,2.2,10.2,0.06,0.07,#N/A,5.89,0.014,2.3,2,10.6,G2H020Q01,G22H,,,,,,,,
101979,1989/02/08 10:27,0,DWS-RQIS,HGCL2,3.3,19.3,55,11.3,0.05,0.99,#N/A,2.1,10.1,0.07,0.06,#N/A,5.91,0.035,1.81,4.1,12.1,G2H020Q01,G22H,,,,,,,,
101979,1989/04/05 10:00,0,DWS-RQIS,HGCL2,11,46.9,141,27.1,0.19,2.7,#N/A,5.9,28.1,0.05,0.11,#N/A,7.26,0.01,6.3,8.5,30.2,G2H020Q01,G22H,,,,,,,,
101979,1989/05/03 09:24,0,DWS-RQIS,HGCL2,11.6,53.3,212,30.3,0.16,12,#N/A,6.8,28,3.61,0.17,#N/A,7.4,1.046,7.12,10,67,G2H020Q01,G22H,,,,,,,,
101979,1989/05/30 14:30,0,DWS-RQIS,HGCL2,8.9,47.3,137,22.9,0.12,2.37,#N/A,5.5,26.2,0.07,0.23,#N/A,7.09,0.081,6.31,7.1,31.7,G2H020Q01,G22H,,,,,,,,
101979,1989/06/27 16:00,0,DWS-RQIS,HGCL2,6.3,24.3,82,14.6,0.05,2.17,#N/A,3,14.9,0.02,0.34,#N/A,7.55,0.051,3.48,7.5,17.9,G2H020Q01,G22H,,,,,,,,
101979,1989/07/25 15:10,0,DWS-RQIS,HGCL2,10.6,28.8,100,17.5,0.1,2.39,#N/A,4,14.7,0.09,0.41,#N/A,7.78,0.066,3.21,6.4,25.7,G2H020Q01,G22H,,,,,,,,
101979,1989/08/22 14:51,0,DWS-RQIS,HGCL2,8.9,45.7,142,25.5,0.24,2.38,#N/A,5.9,24.2,0.07,0.41,#N/A,7.49,0.028,5.18,11,34.5,G2H020Q01,G22H,,,,,,,,
101979,1989/09/19 15:38,0,DWS-RQIS,HGCL2,12.9,60,189,29.9,0.12,3.96,#N/A,8.4,31.5,0.14,0.51,#N/A,7.85,0.063,5.05,18.3,42.1,G2H020Q01,G22H,,,,,,,,
101979,1989/10/17 17:00,0,DWS-RQIS,HGCL2,11.5,54.7,161,27.6,0.16,2.82,#N/A,7.2,29.3,0.08,0.35,#N/A,7.92,0.051,5.36,14.9,31.3,G2H020Q01,G22H,,,,,,,,
101979,1989/11/14 14:51,0,DWS-RQIS,HGCL2,7.3,32.9,99,17.8,0.15,1.51,#N/A,4.1,19.3,0.056,0.163,#N/A,7.88,0.02,4.97,6.8,21.4,G2H020Q01,G22H,,,,,,,,
101979,1989/12/12 08:00,0,DWS-RQIS,HGCL2,6.6,28.5,86,16.6,0.05,1.77,#N/A,3.4,17.4,0.04,0.11,#N/A,7.36,0.035,3.79,6.1,17.4,G2H020Q01,G22H,,,,,,,,
101979,1990/01/09 14:00,0,DWS-RQIS,HGCL2,4.9,25.4,70,13.5,0.05,2.54,#N/A,2.6,11.6,0.09,0.07,#N/A,7.49,0.04,2.64,2,16,G2H020Q01,G22H,,,,,,,,
101979,1990/01/23 14:40,0,DWS-RQIS,HGCL2,3.6,18.8,63,11.1,0.05,1.14,#N/A,2.4,11,0.05,0.02,#N/A,7.52,0.01,2.17,2,19.2,G2H020Q01,G22H,,,,,,,,
101979,1990/02/06 14:42,0,DWS-RQIS,HGCL2,4,23.6,56,10.7,0.05,1.35,#N/A,2.1,10.7,0.14,0.02,#N/A,7.52,0.014,2.51,2,9.5,G2H020Q01,G22H,,,,,,,,
101979,1990/04/03 14:55,0,DWS-RQIS,HGCL2,12.4,43,150,28.7,0.17,3.51,#N/A,5.7,25.8,0.073,0.53,#N/A,7.63,0.027,5.57,8.1,40.2,G2H020Q01,G22H,,,,,,,,
101979,1990/05/01 13:00,0,DWS-RQIS,HGCL2,5.2,26.5,70,13.3,0.15,2.21,#N/A,3,13,0.07,0.504,#N/A,7.2,0.041,2.89,7,8.9,G2H020Q01,G22H,,,,,,,,
101979,1990/05/29 13:41,0,DWS-RQIS,HGCL2,8.6,37.4,126,21.3,0.16,2.04,#N/A,5.6,19.6,0.068,0.334,#N/A,7.5,0.032,5.72,14.5,29.5,G2H020Q01,G22H,,,,,,,,
101979,1990/06/05 14:35,0,DWS-RQIS,HGCL2,9,29.3,114,21.6,0.16,3.55,#N/A,5.5,17.8,0.042,1.024,#N/A,7.46,0.065,3.62,14.2,24,G2H020Q01,G22H,,,,,,,,
101979,1990/06/26 15:45,0,DWS-RQIS,HGCL2,8.2,38.4,111,24.4,0.15,2.17,#N/A,5.1,20.2,0.114,0.338,#N/A,7.33,0.003,4.87,6.5,23.3,G2H020Q01,G22H,,,,,,,,
101979,1990/07/24 14:42,0,DWS-RQIS,HGCL2,10.3,45.1,140,26.6,0.12,3.08,#N/A,5.9,23.9,0.068,0.709,#N/A,7.41,0.029,5.23,13.2,28.9,G2H020Q01,G22H,,,,,,,,
101979,1990/08/21 14:25,0,DWS-RQIS,HGCL2,10.7,53,161,24.7,0.21,3.36,#N/A,7.1,27.8,0.056,0.644,#N/A,7.09,0.042,5.59,14.7,34,G2H020Q01,G22H,,,,,,,,
101979,1990/09/18 14:10,0,DWS-RQIS,HGCL2,11.2,58.4,165,31.8,0.15,0.15,#N/A,7.3,30.5,0.049,0.483,#N/A,7.61,0.035,5.55,13.5,34.2,G2H020Q01,G22H,,,,,,,,
101979,1990/10/23 13:53,0,DWS-RQIS,HGCL2,9.6,47.8,130,20.4,0.18,1.96,#N/A,4.9,23.6,0.041,0.362,#N/A,7.54,0.013,6.07,8.4,26.3,G2H020Q01,G22H,,,,,,,,
101979,1990/11/12 10:10,0,DWS-RQIS,HGCL2,14.8,42.6,178,29.6,0.31,3.33,#N/A,7.9,27.2,0.02,0.668,#N/A,7.56,0.036,6.92,14.9,52.5,G2H020Q01,G22H,,,,,,,,
101979,1991/01/05 13:00,0,DWS-RQIS,HGCL2,3.7,18.9,55,10.4,0.13,0.77,#N/A,2.3,10.2,0.02,0.02,#N/A,8.64,0.009,2.13,4.2,11.7,G2H020Q01,G22H,,,,,,,,
101979,1991/03/05 13:50,0,DWS-RQIS,HGCL2,4,18.9,58,11.6,0.13,0.99,#N/A,2.7,11.1,0.02,0.04,#N/A,7.36,0.012,2.94,2,13.4,G2H020Q01,G22H,,,,,,,,
101979,1991/04/09 13:58,0,DWS-RQIS,HGCL2,13.8,49.6,164,30.5,0.15,3.12,#N/A,6.8,28.3,0.055,0.127,#N/A,7.7,0.014,5.57,8.9,42.8,G2H020Q01,G22H,,,,,,,,
101979,1991/05/07 13:45,0,DWS-RQIS,HGCL2,17.3,69.4,235,40.3,0.21,3.64,#N/A,8.7,41.4,0.053,0.163,#N/A,7.42,0.025,8.23,11.6,66.9,G2H020Q01,G22H,,,,,,,,
101979,1991/06/04 14:40,0,DWS-RQIS,HGCL2,6.7,33.2,87,17.5,0.11,1.61,#N/A,3.9,16.2,0.052,0.264,#N/A,7.38,0.014,4.93,7.1,13.9,G2H020Q01,G22H,,,,,,,,
101979,1991/07/02 14:15,0,DWS-RQIS,HGCL2,12.2,48.7,159,27.4,0.21,3.68,#N/A,6.8,27,0.02,0.693,#N/A,7.47,0.021,5.35,14.8,35.2,G2H020Q01,G22H,,,,,,,,
101979,1991/07/30 13:52,0,DWS-RQIS,HGCL2,8.1,30.8,101,20.5,0.18,3.02,#N/A,4.6,17.1,0.098,0.52,#N/A,8.5,0.022,2.91,13,18.2,G2H020Q01,G22H,,,,,,,,
101979,1991/08/27 14:23,0,DWS-RQIS,HGCL2,9.6,49.1,143,24.2,0.19,2.31,#N/A,6.6,25.1,0.02,0.422,#N/A,7.46,0.011,4.85,9,32.3,G2H020Q01,G22H,,,,,,,,
101979,1991/09/24 15:00,0,DWS-RQIS,HGCL2,12.5,52.1,172,31.4,0.22,3.9,#N/A,8.3,31.1,0.067,0.638,#N/A,7.8,0.029,13.08,16.4,36.6,G2H020Q01,G22H,,,,,,,,
101979,1991/10/22 14:37,0,DWS-RQIS,HGCL2,10.7,43,142,27.5,0.17,2.83,#N/A,7,24.3,0.085,0.391,#N/A,7.69,0.008,5.67,11.6,33,G2H020Q01,G22H,,,,,,,,
101979,1991/11/19 13:10,0,DWS-RQIS,HGCL2,12.7,43.6,152,29.6,0.19,3.28,#N/A,5.8,26.8,0.02,0.856,#N/A,7.5,0.057,4.04,7.7,39.4,G2H020Q01,G22H,,,,,,,,
101979,1991/12/17 06:00,0,DWS-RQIS,HGCL2,17.3,58.3,205,38.2,0.2,2.95,#N/A,8.2,34.3,0.02,0.177,#N/A,8.33,0.037,6.8,10.2,59.4,G2H020Q01,G22H,,,,,,,,
101979,1992/01/14 06:20,0,DWS-RQIS,HGCL2,3.6,22.1,65,12.8,0.17,1.21,#N/A,3,10.7,0.045,0.051,#N/A,7.67,0.02,2.73,2,16.5,G2H020Q01,G22H,,,,,,,,
101979,1992/04/07 15:20,0,DWS-RQIS,HGCL2,7,25.2,97,18.9,0.14,1.7,#N/A,3.9,15.6,0.062,0.147,#N/A,7.35,0.055,4.43,6.7,29.2,G2H020Q01,G22H,,,,,,,,
101979,1992/06/30 08:15,0,DWS-RQIS,HGCL2,6.4,35.5,102,20.3,0.3,1.82,#N/A,4.9,17.1,0.062,0.402,#N/A,7.33,0.013,4.19,10.7,18.8,G2H020Q01,G22H,,,,,,,,
101979,1992/07/28 06:45,0,DWS-RQIS,HGCL2,6.9,26.9,107,17.7,0.19,2.09,#N/A,5.1,17.6,0.053,0.258,#N/A,7.48,0.015,4.17,12.3,28.5,G2H020Q01,G22H,,,,,,,,
101979,1992/08/25 08:50,0,DWS-RQIS,HGCL2,7.8,31.5,108,20,0.2,3.2,#N/A,4.9,17.9,0.061,0.346,#N/A,7.53,0.027,3.1,11.6,23.6,G2H020Q01,G22H,,,,,,,,
101979,1992/09/22 06:40,0,DWS-RQIS,HGCL2,6.7,28.2,104,19.1,0.2,1.97,#N/A,5,16.6,0.02,0.295,#N/A,7.62,0.015,3.64,15.8,23,G2H020Q01,G22H,,,,,,,,
101979,1992/10/20 06:50,0,DWS-RQIS,HGCL2,10.3,45,149,24.6,0.12,2.5,#N/A,5.8,25.3,0.051,0.342,#N/A,7.43,0.012,4.9,13.3,37,G2H020Q01,G22H,,,,,,,,
101979,1992/11/17 06:40,0,DWS-RQIS,HGCL2,7.9,30.5,118,20.1,0.25,2.19,#N/A,5.5,21,0.096,0.303,#N/A,7.97,0.034,6.23,9.5,32.2,G2H020Q01,G22H,,,,,,,,
101979,1992/12/15 06:30,0,DWS-RQIS,HGCL2,5.5,22.7,90,14.3,0.27,1.2,#N/A,4.4,15.3,0.057,0.091,#N/A,8.2,0.014,4.46,11.1,23.6,G2H020Q01,G22H,,,,,,,,
101979,1993/02/09 08:00,0,DWS-RQIS,HGCL2,4.8,13.9,62,11.8,0.11,1.12,#N/A,2.5,11,0.041,0.068,#N/A,7.84,0.019,3.08,8.4,16.1,G2H020Q01,G22H,,,,,,,,
101979,1993/03/09 07:30,0,DWS-RQIS,HGCL2,14.3,42.8,178,28.9,0.26,3.7,#N/A,7.7,28.8,0.073,0.047,#N/A,7.56,0.026,6.29,6.6,60.1,G2H020Q01,G22H,,,,,,,,
101979,1993/04/06 07:50,0,DWS-RQIS,HGCL2,9.4,21,96,16,0.22,3.14,#N/A,3.3,12.3,0.02,0.276,#N/A,7.62,0.013,2.33,8.7,29.9,G2H020Q01,G22H,,,,,,,,
101979,1993/05/04 07:00,0,DWS-RQIS,HGCL2,9,41.1,134,24.3,0.2,2.94,#N/A,5.6,23.1,0.068,0.364,#N/A,7.48,0.015,4.98,9.9,33.4,G2H020Q01,G22H,,,,,,,,
101979,1993/06/01 05:20,0,DWS-RQIS,HGCL2,9.7,36.3,131,25.5,0.21,2.83,#N/A,5.6,22.1,0.048,0.539,#N/A,7.74,0.011,4.74,13.1,32,G2H020Q01,G22H,,,,,,,,
101979,1993/06/16 10:00,0,DWS-RQIS,HGCL2,4.7,12.6,58,11.7,0.23,1.73,#N/A,2,8.8,0.052,0.662,#N/A,7.38,0.041,2.13,12.1,10.1,G2H020Q01,G22H,,,,,,,,
101979,1993/08/24 07:25,0,DWS-RQIS,HGCL2,9,36.8,134,24.9,0.26,2.55,#N/A,6.1,21.6,0.043,0.552,#N/A,7.84,0.027,5.28,13.1,34.5,G2H020Q01,G22H,,,,,,,,
101979,1993/09/21 07:10,0,DWS-RQIS,HGCL2,12.2,54.9,194,32.5,0.16,2.48,#N/A,7.7,34.5,0.075,0.497,#N/A,7.43,0.029,7.25,15.9,51.9,G2H020Q01,G22H,,,,,,,,
101979,1993/10/19 07:00,0,DWS-RQIS,HGCL2,7.2,30.6,111,19.7,0.31,1.9,#N/A,4.9,21.9,0.069,0.298,#N/A,7.35,0.024,6.37,7.4,28.8,G2H020Q01,G22H,,,,,,,,
101979,1993/11/16 06:55,0,DWS-RQIS,HGCL2,13,40.8,179,28.2,0.3,2.1,#N/A,7.5,32.9,0.04,0.372,#N/A,7.37,0.04,6.26,12.8,55.3,G2H020Q01,G22H,,,,,,,,
101979,1994/01/04 06:55,0,DWS-RQIS,HGCL2,3.9,11.4,47,10.9,0.2,0.92,#N/A,2.2,7.5,0.02,0.196,#N/A,7.56,0.023,0.92,5.6,11.9,G2H020Q01,G22H,,,,,,,,
101979,1994/02/01 06:49,0,DWS-RQIS,HGCL2,9.9,14.6,92,13.9,0.18,1.37,#N/A,3.3,12,0.02,0.076,#N/A,7.83,0.02,2.6,7.8,35,G2H020Q01,G22H,,,,,,,,
101979,1994/03/01 12:15,0,DWS-RQIS,HGCL2,7.6,19.9,99,16.3,0.47,2.02,#N/A,3.9,14.9,0.02,0.099,#N/A,7.35,0.036,2.63,13.7,29.6,G2H020Q01,G22H,,,,,,,,
101979,1994/03/29 08:30,0,DWS-RQIS,HGCL2,3.9,12.9,58,9.8,0.16,1.68,#N/A,2.7,9.5,0.02,0.099,#N/A,7.31,0.016,2.06,9.2,14.7,G2H020Q01,G22H,,,,,,,,
101979,1994/04/26 08:35,0,DWS-RQIS,HGCL2,4.7,12.9,67,9.9,0.37,1.81,#N/A,2.9,10.4,0.02,0.126,#N/A,7.14,0.037,2.39,10.1,18.7,G2H020Q01,G22H,,,,,,,,
101979,1994/05/24 08:30,0,DWS-RQIS,HGCL2,5.3,15.8,66,11.4,0.21,1.88,#N/A,3.1,11.2,0.047,0.162,#N/A,7.49,0.024,2.15,9.4,15.2,G2H020Q01,G22H,,,,,,,,
101979,1994/06/21 08:45,0,DWS-RQIS,HGCL2,6.4,31.3,99,18.5,0.38,3.11,#N/A,4.2,15.9,0.078,0.614,#N/A,7.47,0.07,1.94,16.5,14.8,G2H020Q01,G22H,,,,,,,,
101979,1994/09/13 08:52,0,DWS-RQIS,HGCL2,11.6,50.8,174,28,0.31,3.15,#N/A,6.9,28,0.02,0.35,#N/A,7.92,0.065,3.44,11.3,49,G2H020Q01,G22H,,,,,,,,
101979,1994/10/11 08:55,0,DWS-RQIS,HGCL2,10.6,42.6,155,23.6,0.33,2.91,#N/A,6.7,26.5,0.056,0.399,#N/A,8.05,0.038,5.38,11.4,42.7,G2H020Q01,G22H,,,,,,,,
101979,1994/11/08 09:05,0,DWS-RQIS,HGCL2,8,29.2,104,18.6,0.21,2.36,#N/A,3.9,17.5,0.02,0.253,#N/A,7.68,0.024,4.52,6.9,28.8,G2H020Q01,G22H,,,,,,,,
101979,1994/12/06 08:20,0,DWS-RQIS,HGCL2,18,56,216,36.1,0.16,4,#N/A,8,33.2,0.02,0.02,#N/A,7.54,0.026,4.97,19.6,62.9,G2H020Q01,G22H,,,,,,,,
101979,1995/01/03 08:15,0,DWS-RQIS,HGCL2,24.5,70.7,292,43.2,0.28,4.34,#N/A,12.7,49.8,0.02,0.02,#N/A,7.87,0.014,4.42,20.4,89.1,G2H020Q01,G22H,,,,,,,,
101979,1995/04/25 09:45,0,DWS-RQIS,HGCL2,14.6,23.9,136,20.7,0.27,3.03,#N/A,4.2,17.7,0.02,0.137,#N/A,7.98,0.042,4.25,13.1,47.9,G2H020Q01,G22H,,,,,,,,
101979,1995/05/23 11:05,0,DWS-RQIS,HGCL2,10.1,36.9,128,23.2,0.19,3.69,#N/A,4.9,21.7,0.058,0.229,#N/A,7.31,0.029,4.15,11.5,31.5,G2H020Q01,G22H,,,,,,,,
101979,1995/06/13 10:30,0,DWS-RQIS,HGCL2,11.3,26.2,120,19.9,0.25,3.52,#N/A,3.8,15.2,0.02,0.364,#N/A,7.76,0.09,2.72,14.9,35,G2H020Q01,G22H,,,,,,,,
101979,1995/06/20 10:00,0,DWS-RQIS,HGCL2,10.4,46.8,152,23.1,0.26,3.37,#N/A,5.8,25.9,0.062,0.416,#N/A,7.88,0.019,5.24,13.6,35.8,G2H020Q01,G22H,,,,,,,,
101979,1995/07/16 09:20,0,DWS-RQIS,HGCL2,10.4,37.7,144,23.5,0.16,3.79,#N/A,5.3,21.8,0.064,0.482,#N/A,7.48,0.059,3.52,19.1,35.2,G2H020Q01,G22H,,,,,,,,
101979,1995/08/15 09:10,0,DWS-RQIS,HGCL2,10.1,40.1,142,26,0.25,3.13,#N/A,5.7,22.8,0.02,0.624,#N/A,7.49,0.014,4.94,13,36.4,G2H020Q01,G22H,,,,,,,,
101979,1995/09/12 09:20,0,DWS-RQIS,HGCL2,9.6,38.4,138,24.3,0.16,3.16,#N/A,6,23.7,0.02,0.377,#N/A,7.53,0.013,4.58,11.7,35.9,G2H020Q01,G22H,,,,,,,,
101979,1995/10/10 08:50,0,DWS-RQIS,HGCL2,11,44.2,161,32.8,0.15,3.34,#N/A,6.1,27.5,0.061,0.448,#N/A,7.79,0.03,6.11,10.3,46.4,G2H020Q01,G22H,,,,,,,,
101979,1995/11/07 09:25,0,DWS-RQIS,HGCL2,9.8,40.2,151,28.6,0.17,3.5,#N/A,5.2,27.5,0.044,0.433,#N/A,7.85,0.04,6.01,9.1,43.6,G2H020Q01,G22H,,,,,,,,
101979,1996/01/02 09:50,0,DWS-RQIS,HGCL2,7.8,31,117,19.3,0.15,2.95,#N/A,3.5,19.5,0.02,0.232,#N/A,7.59,0.029,4.38,9,34.6,G2H020Q01,G22H,,,,,,,,
101979,1996/01/29 08:15,0,DWS-RQIS,HGCL2,10.3,34.8,139,23,0.2,3.41,#N/A,4.7,22.8,0.02,0.182,#N/A,7.55,0.003,4.04,13.2,40.1,G2H020Q01,G22H,,,,,,,,
101979,1996/02/27 08:20,0,DWS-RQIS,HGCL2,21.1,48.4,207,32.3,0.19,4.09,#N/A,6.6,27.9,0.02,0.203,#N/A,8,0.01,5.45,13.6,68.9,G2H020Q01,G22H,,,,,,,,
101979,1996/03/26 08:45,0,DWS-RQIS,HGCL2,11.7,33.6,148,22.4,0.18,3.18,#N/A,4.9,23.9,0.02,0.146,#N/A,7.82,0.016,4.56,8.8,49.7,G2H020Q01,G22H,,,,,,,,
101979,1996/05/21 08:20,0,DWS-RQIS,HGCL2,12.8,48.6,176,28.2,0.23,3.95,#N/A,6.1,29,0.433,0.368,#N/A,8.16,0.058,7.54,7.9,53.3,G2H020Q01,G22H,,,,,,,,
101979,1996/06/19 08:35,0,DWS-RQIS,HGCL2,5.1,31,109,20.5,0.14,3.46,#N/A,4.8,19.3,0.02,0.669,#N/A,7.42,0.039,3.63,10.8,26.1,G2H020Q01,G22H,,,,,,,,
101979,1996/07/17 08:35,0,DWS-RQIS,HGCL2,11,51,182,33.2,0.17,4.28,#N/A,7,31.3,0.02,0.694,#N/A,7.69,0.021,6.73,16.6,47.4,G2H020Q01,G22H,,,,,,,,
101979,1996/09/11 08:25,0,DWS-RQIS,HGCL2,12.1,48,175,31.5,0.18,3.68,#N/A,7.9,30.5,0.02,0.696,#N/A,7.77,0.098,5.03,15.1,44.6,G2H020Q01,G22H,,,,,,,,
101979,1996/10/09 08:45,0,DWS-RQIS,HGCL2,12.1,47.6,189,32.6,0.17,3.04,#N/A,7.8,32.7,0.02,0.611,#N/A,7.83,0.035,5.7,16.3,54.3,G2H020Q01,G22H,,,,,,,,
101979,1996/11/13 08:45,0,DWS-RQIS,HGCL2,10,37.5,144,26.7,0.11,2.2,#N/A,6.3,26.3,0.047,0.485,#N/A,7.66,0.029,6.3,12.9,37.8,G2H020Q01,G22H,,,,,,,,
101979,1996/12/04 08:35,0,DWS-RQIS,HGCL2,10.9,43,161,26.8,0.13,2.17,#N/A,6.3,26.8,0.02,0.428,#N/A,7.84,0.022,6.42,10.7,48.4,G2H020Q01,G22H,,,,,,,,
101979,1996/12/31 05:55,0,DWS-RQIS,HGCL2,11.9,42.6,166,25.7,0.13,2.37,#N/A,5.9,27.4,0.044,0.392,#N/A,7.75,0.051,5.71,13.7,48.9,G2H020Q01,G22H,,,,,,,,
101979,1997/02/26 08:45,0,DWS-RQIS,HGCL2,8.2,20.6,110,17.5,0.12,1.43,#N/A,3.5,17.5,0.041,0.201,#N/A,7.7,0.034,5.02,9.7,39.1,G2H020Q01,G22H,,,,,,,,
101979,1997/03/26 08:35,0,DWS-RQIS,HGCL2,8.5,23.6,104,18.1,0.13,1.59,#N/A,3.9,17.8,0.053,0.166,#N/A,7.73,0.025,4.43,8.1,32.5,G2H020Q01,G22H,,,,,,,,
101979,1997/04/23 08:35,0,DWS-RQIS,HGCL2,8.4,34.2,121,19,0.13,1.91,#N/A,4.6,20.6,0.189,0.237,#N/A,7.69,0.062,4.88,4.6,36.9,G2H020Q01,G22H,,,,,,,,
101979,1997/05/21 08:55,0,DWS-RQIS,HGCL2,11.2,40.8,155,23.7,0.14,3.58,#N/A,5.5,26.7,0.074,0.296,#N/A,7.61,0.035,6.15,13.5,43,G2H020Q01,G22H,,,,,,,,
101979,1997/06/18 08:45,0,DWS-RQIS,HGCL2,13.6,62,198,31.4,0.17,3.58,#N/A,7.4,34.1,0.079,0.522,#N/A,7.58,0.042,6.34,19.7,45.2,G2H020Q01,G22H,,,,,,,,
101979,1997/08/13 08:35,0,DWS-RQIS,HGCL2,16,62,218,37.3,0.17,3.26,#N/A,9,36.1,0.055,0.562,#N/A,7.77,0.03,5.66,19.1,56.9,G2H020Q01,G22H,,,,,,,,
101979,1997/09/10 07:37,0,DWS-RQIS,HGCL2,13.6,54.3,197,32.1,0.18,2.75,#N/A,7.6,31.9,0.02,0.532,#N/A,7.81,0.031,5.45,19,53.2,G2H020Q01,G22H,,,,,,,,
101979,1997/11/05 08:20,0,DWS-RQIS,HGCL2,14.4,32.1,151,24.5,0.19,1.93,#N/A,5.4,22.7,0.058,0.493,#N/A,7.82,0.032,3.75,12.1,49,G2H020Q01,G22H,,,,,,,,
101979,1997/12/03 08:35,0,DWS-RQIS,HGCL2,7,25.8,96,17.9,0.1,1.22,#N/A,3.1,17.3,0.02,0.274,#N/A,7.78,0.014,4.55,7.6,26.9,G2H020Q01,G22H,,,,,,,,
101979,1997/12/31 08:10,0,DWS-RQIS,HGCL2,16.7,47.9,198,32.4,0.17,2.65,#N/A,6.5,30.7,0.02,0.405,#N/A,7.81,0.025,6.32,14.4,63.2,G2H020Q01,G22H,,,,,,,,
101979,1998/01/28 08:30,0,DWS-RQIS,HGCL2,11.7,53.7,175,32.4,0.16,2.34,#N/A,5.9,30.8,0.02,0.165,#N/A,7.68,0.027,4.77,12.2,47.3,G2H020Q01,G22H,,,,,,,,
101979,1998/02/25 08:25,0,DWS-RQIS,HGCL2,17,40.5,194,30.9,0.19,2.78,#N/A,6.4,27.1,0.02,0.02,#N/A,7.46,0.016,5.95,11.6,72.2,G2H020Q01,G22H,,,,,,,,
101979,1998/03/25 08:15,0,DWS-RQIS,HGCL2,25.3,72.5,285,41.7,0.25,2.77,#N/A,9.1,44,0.063,0.047,#N/A,7.93,0.009,7.9,11,98,G2H020Q01,G22H,,,,,,,,
101979,1998/05/20 08:25,0,DWS-RQIS,HGCL2,12.8,40.3,155,27.8,0.13,2.5,#N/A,4.4,25.2,0.117,0.432,#N/A,7.68,0.026,5.46,12.9,44.7,G2H020Q01,G22H,,,,,,,,
101979,1998/06/17 08:25,0,DWS-RQIS,HGCL2,10.2,33.8,138,23.3,0.15,1.85,#N/A,4.9,22.9,0.13,0.381,#N/A,7.75,0.029,4.95,9.7,43.1,G2H020Q01,G22H,,,,,,,,
101979,1998/07/15 08:15,0,DWS-RQIS,HGCL2,10.7,41.9,156,23.7,0.13,2.13,#N/A,6.1,25.4,0.02,0.548,#N/A,7.89,0.022,5.53,17.1,41.2,G2H020Q01,G22H,,,,,,,,
101979,1998/09/02 08:10,0,DWS-RQIS,HGCL2,11.8,39.2,152,21.5,0.12,1.9,#N/A,5.4,24.7,0.195,0.522,#N/A,7.71,0.059,5.54,14,42.9,G2H020Q01,G22H,,,,,,,,
101979,1998/09/30 08:05,0,DWS-RQIS,HGCL2,11.2,39.5,147,25.7,0.12,1.91,#N/A,5.4,24.2,0.172,0.476,#N/A,7.9,0.027,5.24,10.2,42.8,G2H020Q01,G22H,,,,,,,,
101979,1998/10/28 08:00,0,DWS-RQIS,HGCL2,13.4,35.8,150,24.5,0.16,1.92,#N/A,4.9,21.5,0.042,0.368,#N/A,7.92,0.035,5.33,10.4,49.6,G2H020Q01,G22H,,,,,,,,
101979,1998/12/16 08:30,0,DWS-RQIS,HGCL2,15.1,55.8,197,33.1,0.19,3.27,#N/A,6,33.1,0.02,0.054,#N/A,7.64,0.032,5.6,11.2,59.2,G2H020Q01,G22H,,,,,,,,
101979,1999/01/27 08:10,0,DWS-RQIS,HGCL2,22.2,68.6,245,41.3,0.23,2.63,#N/A,7.6,43.1,0.068,0.142,#N/A,8.15,0.037,5.96,13.5,70.6,G2H020Q01,G22H,,,,,,,,
101979,1999/02/24 08:20,0,DWS-RQIS,HGCL2,20.6,67.7,249,43.7,0.26,2.36,#N/A,7.3,40.7,0.02,0.02,#N/A,8.22,0.029,5.96,13.3,78.8,G2H020Q01,G22H,,,,,,,,
101979,1999/06/23 08:35,0,DWS-RQIS,HGCL2,11.6,43.5,147,26.4,0.14,2.54,#N/A,5.8,26,0.182,0.32,#N/A,7.62,0.03,4.56,14.1,33.9,G2H020Q01,G22H,,,,,,,,
101979,1999/08/25 08:25,0,DWS-RQIS,HGCL2,13.2,47.5,172,30.6,0.15,2.31,#N/A,6.7,28.2,0.062,0.48,#N/A,7.97,0.022,5.33,16.9,44.6,G2H020Q01,G22H,,,,,,,,
101979,1999/09/29 08:40,0,DWS-RQIS,HGCL2,13.868,55.386,206.186,35.3,0.184,3.474,#N/A,8.904,35.911,0.02,0.661,#N/A,7.682,0.039,5.568,22.965,51.197,G2H020Q01,G22H,,,,,,,,
101979,1999/10/27 08:30,0,DWS-RQIS,HGCL2,15.395,52.628,189.898,33.4,0.179,2.263,#N/A,7.108,32.341,0.199,0.41,#N/A,7.732,0.028,6.793,11.229,54.622,G2H020Q01,G22H,,,,,,,,
101979,1999/11/24 08:25,0,DWS-RQIS,HGCL2,23.152,108.2,355.314,58.8,0.235,4.927,#N/A,13.552,65.845,0.02,0.02,#N/A,7.254,0.044,7.369,20.776,97.09,G2H020Q01,G22H,,,,,,,,
101979,2000/02/02 08:20,0,DWS-RQIS,HGCL2,16.294,61.33,221.835,38.8,0.229,4.456,#N/A,6.865,35.774,0.594,0.321,#N/A,7.807,0.084,5.177,11.939,67.668,G2H020Q01,G22H,,,,,,,,
101979,2000/03/01 08:30,0,DWS-RQIS,HGCL2,21.609,55.572,253.829,42.3,0.167,10.169,#N/A,7.151,37.09,0.135,0.02,#N/A,4.595,0.037,6.302,7.386,93.753,G2H020Q01,G22H,,,,,,,,
101979,2000/03/29 08:26,0,DWS-RQIS,HGCL2,13.917,37.042,153.657,27,0.155,2.591,#N/A,4.825,23.718,0.351,0.972,#N/A,7.768,0.093,3.717,6.372,49.208,G2H020Q01,G22H,,,,,,,,
101979,2000/04/26 08:40,0,DWS-RQIS,HGCL2,8.439,29.274,104.806,19.8,0.141,1.853,#N/A,3.27,17.343,0.167,0.255,#N/A,7.672,0.054,3.055,6.427,29.977,G2H020Q01,G22H,,,,,,,,
101979,2000/05/24 08:30,0,DWS-RQIS,HGCL2,13.626,69.047,222.012,39.4,0.256,3.884,#N/A,6.675,42.086,1.015,0.227,#N/A,7.661,0.072,4.627,9.445,61.07,G2H020Q01,G22H,,,,,,,,
101979,2000/08/02 08:25,0,DWS-RQIS,HGCL2,16.817,65.001,226.57,40.6,0.501,3.168,#N/A,6.567,37.965,1.06,0.436,#N/A,7.71,0.086,5.904,17.547,61.878,G2H020Q01,G22H,,,,,,,,
101979,2000/08/30 09:25,0,DWS-RQIS,HGCL2,14.815,42.675,164.102,27.6,0.142,2.431,#N/A,6.547,22.605,0.485,0.565,#N/A,7.83,0.07,5.262,10.045,50.442,G2H020Q01,G22H,,,,,,,,
101979,2000/09/27 08:25,0,DWS-RQIS,HGCL2,12.352,43.687,166.883,28.9,0.178,2.303,#N/A,6.358,26.405,0.057,0.536,#N/A,7.703,0.044,6.211,15.881,46.863,G2H020Q01,G22H,,,,,,,,
101979,2000/11/08 08:30,0,DWS-RQIS,HGCL2,21.512,89.413,299.164,50.2,0.193,3.911,#N/A,9.909,56.749,0.263,0.645,#N/A,7.9,0.053,6.91,14.6,81.624,G2H020Q01,G22H,,,,,,,,
101979,2001/03/20 12:40,0,DWS-RQIS,HGCL2,11.864,39.986,160.586,26.6,0.153,2.884,#N/A,6.485,25.813,0.179,0.798,#N/A,7.741,0.128,4.105,12.277,46.724,G2H020Q01,G22H,,,,,,,,
101979,2001/04/18 09:05,0,DWS-RQIS,HGCL2,8.455,26.511,102.442,17.9,0.152,1.672,#N/A,2.825,17.245,0.291,0.562,#N/A,7.491,0.091,2.903,7.164,28.933,G2H020Q01,G22H,,,,,,,,
101979,2001/06/26 11:45,0,DWS-RQIS,HGCL2,16.828,49.532,209.741,35.8,0.202,2.671,#N/A,6.525,37.095,0.392,1.082,#N/A,7.911,0.143,5.253,13.255,63.891,G2H020Q01,G22H,,,,,,,,
101979,2001/09/18 09:22,0,DWS-RQIS,HGCL2,9.621,51.358,184.905,32.4,0.154,3.683,#N/A,10.61,31.422,0.02,0.87,#N/A,7.625,0.154,5.567,18.621,45.181,G2H020Q01,G22H,,,,,,,,
101979,2001/10/22 09:00,0,DWS-RQIS,HGCL2,15.835,48.99,177.662,28.9,0.178,2.892,#N/A,6.239,27.94,0.13,0.271,#N/A,7.796,0.026,6.006,13.905,49.404,G2H020Q01,G22H,,,,,,,,
101979,2001/11/13 09:17,0,DWS-RQIS,HGCL2,13.872,47.217,174.934,31.1,0.16,3.024,#N/A,6.66,28.645,0.02,0.93,#N/A,7.757,0.06,6.063,12.114,48.321,G2H020Q01,G22H,,,,,,,,
101979,2002/04/07 11:30,0,DWS-RQIS,HGCL2,10.359,29.697,105.453,18.9,0.132,1.872,#N/A,3.736,15.303,0.087,0.049,#N/A,7.688,0.038,3.942,6.132,30.983,G2H020Q01,G22H,,,,,,,,
101979,2002/05/14 09:50,0,DWS-RQIS,HGCL2,13.342,36.129,142.548,24.5,0.149,2.731,#N/A,5.108,19.834,0.399,0.416,#N/A,7.523,0.062,5.461,12.86,40.885,G2H020Q01,G22H,,,,,,,,
101979,2002/06/25 10:25,0,DWS-RQIS,HGCL2,10.549,37.207,136.546,24.4,0.136,2.063,#N/A,4.555,22.621,0.099,0.466,#N/A,6.922,0.123,5.334,14.594,34.655,G2H020Q01,G22H,,,,,,,,
101979,2002/07/23 08:21,0,DWS-RQIS,HGCL2,13.664,51.46,168.019,31,0.18,2.751,#N/A,6.266,26.16,0.311,0.67,#N/A,7.691,0.052,5.333,12.875,41.941,G2H020Q01,G22H,,,,,,,,
101979,2002/11/12 08:00,0,DWS-RQIS,HGCL2,15.733,56.571,199.744,35.3,0.193,2.78,#N/A,6.987,32.248,0.02,0.348,#N/A,7.544,0.173,6.142,13.568,57.057,G2H020Q01,G22H,,,,,,,,
101979,2003/04/01 08:42,0,DWS-RQIS,HGCL2,15.408,48.126,183.637,31.2,0.193,2.995,#N/A,5.758,29.85,0.02,0.191,#N/A,7.335,0.031,6.591,21.804,48.01,G2H020Q01,G22H,,,,,,,,
101979,2003/10/14 10:00,0,DWS-RQIS,HGCL2,13.411,43.567,161.613,28,0.252,2.659,#N/A,5.764,25.273,0.015,0.423,#N/A,7.628,0.058,5.248,11.023,47.237,G2H020Q01,G22H,,,,,,,,
101979,2003/11/25 11:15,0,DWS-RQIS,HGCL2,15.023,54.335,200.669,31.8,0.1,2.796,#N/A,6.613,32.286,0.042,0.055,#N/A,7.441,0.012,6.634,10.106,64.856,G2H020Q01,G22H,,,,,,,,
101979,2004/04/22 08:30,0,DWS-RQIS,HGCL2,18.302,52.607,191.801,32.7,0.1,3.367,#N/A,6.408,28.116,0.015,0.055,#N/A,7.19,0.029,5.717,18.538,52.5,G2H020Q01,G22H,,,,,,,,
101979,2004/06/03 09:00,0,DWS-RQIS,HGCL2,25.518,63.606,279.245,43.4,0.27,5.569,#N/A,8.026,41.282,0.015,0.055,#N/A,7.784,0.206,6.836,15.024,97.646,G2H020Q01,G22H,,,,,,,,
101979,2004/11/04 09:20,0,DWS-RQIS,HGCL2,17.083,54.381,197.857,38.6,0.1,2.891,#N/A,8.308,31.45,0.015,0.326,#N/A,7.37,0.035,5.853,7.778,60.936,G2H020Q01,G22H,,,,,,,,
101979,2004/12/02 09:10,0,DWS-RQIS,HGCL2,20.358,51.025,205.474,34.9,0.249,3.914,#N/A,7.214,33.165,0.015,0.055,#N/A,7.512,0.031,4.848,14.702,61.094,G2H020Q01,G22H,,,,,,,,
101979,2005/02/10 10:25,0,DWS-RQIS,HGCL2,15.464,46.257,174.794,30.9,0.197,3.758,#N/A,6.453,28.484,0.293,0.291,#N/A,7.35,0.061,4.102,5.282,54.99,G2H020Q01,G22H,,,,,,,,
101979,2005/03/10 10:05,0,DWS-RQIS,HGCL2,18.077,41.541,180.166,30.1,0.199,4.752,#N/A,5.4,23.292,0.02,0.04,#N/A,6.384,0.025,3.315,27.422,48.557,G2H020Q01,G22H,,,,,,,,
101979,2005/05/19 10:55,0,DWS-RQIS,HGCL2,8.05,24.375,93.633,18.7,0.115,1.875,#N/A,3.511,14.257,0.07,0.21,#N/A,7.373,0.03,3.636,10.31,24.628,G2H020Q01,G22H,,,,,,,,
101979,2005/06/30 10:56,0,DWS-RQIS,HGCL2,8.457,27.799,87.62,17.3,0.102,1.43,#N/A,3.429,13.895,0.071,0.292,#N/A,6.991,0.022,3.392,6.554,20.096,G2H020Q01,G22H,,,,,,,,
101979,2005/09/22 10:30,0,DWS-RQIS,HGCL2,15.313,60.832,199.389,37,0.193,2.885,#N/A,7.6,30.825,0.06,0.472,#N/A,7.967,0.041,5.772,12.972,54.522,G2H020Q01,G22H,,,,,,,,
101979,2005/12/01 10:28,0,DWS-RQIS,HGCL2,28.164,89.22,344.856,56,0.214,5.585,#N/A,12.627,54.97,0.02,0.04,#N/A,7.574,0.051,8.252,10.621,117.363,G2H020Q01,G22H,,,,,,,,
101979,2006/03/23 10:23,0,DWS-RQIS,HGCL2,7.746,20.831,83.286,13.8,0.124,1.365,#N/A,3.056,11.9,0.02,0.345,#N/A,7.163,0.044,2.372,14.391,18.196,G2H020Q01,G22H,,,,,,,,
101979,2006/06/15 10:40,0,DWS-RQIS,HGCL2,11.594,40.683,127.843,27.5,0.138,2.78,#N/A,6.097,20.725,0.02,0.544,#N/A,7.484,0.021,4.542,14.636,23.532,G2H020Q01,G22H,,,,,,,,
101979,2006/07/12 17:54,0,DWS-RQIS,HGCL2,14.266,31.772,140.498,23.6,0.164,2.734,#N/A,4.638,18.578,0.209,0.493,#N/A,7.474,0.038,3.652,12.496,43.7,G2H020Q01,G22H,,,,,,,,
101979,2006/09/21 09:53,0,DWS-RQIS,HGCL2,16.634,58.485,212.916,39,0.151,2.857,#N/A,8.613,35.608,0.158,0.487,#N/A,7.566,0.045,6.048,13.94,60.8,G2H020Q01,G22H,,,,,,,,
101979,2006/12/28 09:50,0,DWS-RQIS,HGCL2,9.301,37.51,123.152,22.4,0.116,2.039,#N/A,4.774,19.268,1.698,0.985,#N/A,7.439,0.036,3.379,8.484,28.708,G2H020Q01,G22H,,,,,,,,
101979,2007/02/08 10:10,0,DWS-RQIS,HGCL2,14.794,37.089,152.484,27.5,0.16,3.187,#N/A,4.547,22.396,1.32,0.114,#N/A,7.663,0.065,3.467,4.496,52.008,G2H020Q01,G22H,,,,,,,,
101979,2007/03/08 11:00,0,DWS-RQIS,HGCL2,9.814,28.85,121.838,20.9,0.119,2.237,#N/A,3.649,18.216,0.323,0.335,#N/A,7.165,0.068,3.297,13.491,35.558,G2H020Q01,G22H,,,,,,,,
101979,2007/04/19 10:30,0,DWS-RQIS,HGCL2,6.463,21.793,76.938,14.2,0.05,1.324,#N/A,2.479,12.073,0.056,0.115,#N/A,7.071,0.032,6.715,7.394,20.244,G2H020Q01,G22H,,,,,,,,
101979,2007/09/06 10:15,0,DWS-RQIS,HGCL2,16.468,62.089,226.538,39.6,0.205,5.979,#N/A,9.268,32.771,0.082,0.812,#N/A,7.655,0.072,5.365,17.628,64.145,G2H020Q01,G22H,,,,,,,,
101979,2007/10/18 10:10,0,DWS-RQIS,HGCL2,16.049,54.441,214.4,34,0.159,2.937,#N/A,8.9,34.015,0.252,0.389,#N/A,7.805,0.061,6.491,17.494,64.114,G2H020Q01,G22H,,,,,,,,
101979,2007/11/29 10:25,0,DWS-RQIS,HGCL2,9.581,29.98,117.656,21.2,0.132,1.769,#N/A,4.692,20.476,0.207,0.134,#N/A,7.686,0.046,4.836,9.29,33.41,G2H020Q01,G22H,,,,,,,,
101979,2008/01/30 09:43,0,DWS-RQIS,HGCL2,10.03,26.796,115.172,19.7,0.113,2.563,#N/A,3.363,19.667,0.068,0.04,#N/A,7.717,0.041,3.23,9.326,35.205,G2H020Q01,G22H,,,,,,,,
101979,2008/04/09 10:30,0,DWS-RQIS,HGCL2,10.523,32.641,126.382,22.6,0.148,2.384,#N/A,4.623,19.627,0.142,0.357,#N/A,7.647,0.07,4.081,10.593,35.977,G2H020Q01,G22H,,,,,,,,
101979,2010/07/01 11:20,0,DWS-RQIS,HGCL2,13.443,53.017,173.843,29,0.344,3.993,#N/A,6.164,28.438,0.025,0.11,#N/A,6.884,0.005,6.075,12.559,45.397,G2H020Q01,G22H,,,,,,,,
101979,2010/08/19 12:00,0,DWS-RQIS,HGCL2,18.928,50.43,206.232,32.16,0.086,3.792,#N/A,6.362,31.592,0.025,0.025,#N/A,7.422,0.011,6.428,9.587,69.943,G2H020Q01,G22H,,,,,,,,
101979,2011/03/08 16:00,0,DWS-RQIS,HGCL2,11.139,34.869,149.191,22.7,0.174,4.182,#N/A,3.477,25.19,0.025,0.025,#N/A,7.461,0.047,3.41,1.5,56.078,G2H020Q01,G22H,,,,,,,,
101979,2011/04/05 14:50,0,DWS-RQIS,HGCL2,13.363,36.289,168.381,23.76,0.164,7.094,#N/A,4.647,24.005,0.025,0.025,#N/A,7.729,0.108,3.464,1.5,66.307,G2H020Q01,G22H,,,,,,,,
101979,2011/05/03 14:50,0,DWS-RQIS,HGCL2,14.117,42.66,163.715,25.96,0.284,3.444,#N/A,4.865,24.755,0.696,0.204,#N/A,7.696,0.039,4.46,11.621,49.251,G2H020Q01,G22H,,,,,,,,
101979,2011/08/02 14:40,0,DWS-RQIS,HGCL2,15.993,60.404,197.453,32.55,0.421,2.543,#N/A,7.619,31.905,0.235,0.387,#N/A,8.045,0.036,6.144,1.5,61.465,G2H020Q01,G22H,,,,,,,,
101979,2011/08/30 13:50,0,DWS-RQIS,HGCL2,16.199,49.006,186.39,31.52,0.315,3.618,#N/A,3.935,31.239,0.224,0.274,#N/A,7.734,0.005,6.078,1.5,64.844,G2H020Q01,G22H,,,,,,,,
101979,2011/09/27 14:18,0,DWS-RQIS,HGCL2,16.121,50.248,221.209,30.21,0.146,3.195,#N/A,12.149,28.659,0.025,0.025,#N/A,7.604,0.011,5.849,15.341,78.059,G2H020Q01,G22H,,,,,,,,
101979,2011/10/27 12:30,0,DWS-RQIS,HGCL2,21.694,59.5,254.037,41.7,0.121,4.164,#N/A,9.663,38.769,0.134,0.248,#N/A,7.615,0.005,6.44,11.385,88.132,G2H020Q01,G22H,,,,,,,,
101979,2011/11/22 13:30,0,DWS-RQIS,HGCL2,13.415,44.175,160.216,23.51,0.143,2.901,#N/A,5.852,24.233,0.025,0.025,#N/A,7.873,0.018,5.053,10.877,47.916,G2H020Q01,G22H,,,,,,,,
101979,2012/05/23 13:30,0,DWS-RQIS,HGCL2,12.561,36.824,164.503,26.53,0.193,3.787,#N/A,5.088,24.223,0.025,0.025,#N/A,7.528,0.005,4.389,7.192,61.084,G2H020Q01,G22H,,,,,,,,
101979,2012/06/13 14:00,0,DWS-RQIS,HGCL2,16.038,40.666,142.92,27.71,0.253,2.998,#N/A,5.185,21.193,0.025,0.386,#N/A,7.324,0.005,4.2,14.631,32.971,G2H020Q01,G22H,,,,,,,,
101979,2012/08/08 13:35,0,DWS-RQIS,HGCL2,6.156,26.424,84.736,15.14,0.279,2.852,#N/A,3.841,13.784,0.025,0.18,#N/A,7.591,0.005,3,5.107,20.872,G2H020Q01,G22H,,,,,,,,
101979,2012/09/05 13:10,0,DWS-RQIS,HGCL2,17.021,52.539,204.147,33.82,0.202,3.484,#N/A,6.167,33.622,0.025,0.304,#N/A,8.083,0.005,5.599,14.465,61.721,G2H020Q01,G22H,,,,,,,,
101979,2012/10/03 13:15,0,DWS-RQIS,HGCL2,16.739,56.409,212.92,37.1,0.115,4.587,#N/A,9.029,33.544,0.025,0.025,#N/A,7.745,0.013,6.815,16.327,62.323,G2H020Q01,G22H,,,,,,,,
101979,2012/11/07 12:40,0,DWS-RQIS,HGCL2,16.283,55.103,204.972,35.44,0.525,3.422,#N/A,6.788,34.658,0.025,0.025,#N/A,7.775,0.037,6.606,10.905,63.179,G2H020Q01,G22H,,,,,,,,
101979,2013/01/16 13:32,0,DWS-RQIS,HGCL2,12.989,37.055,137.795,23.13,0.198,3.4,#N/A,3.653,26.149,0.025,0.025,#N/A,7.727,0.082,3.318,5.75,39.538,G2H020Q01,G22H,,,,,,,,
101979,2013/02/13 13:00,0,DWS-RQIS,HGCL2,23.027,61.812,275.807,41.8,0.35,7.013,#N/A,11.174,42.041,0.025,0.025,#N/A,7.808,0.012,5.891,15.67,93.943,G2H020Q01,G22H,,,,,,,,
101979,2013/03/13 13:16,0,DWS-RQIS,HGCL2,9.685,32.418,127.763,22.85,0.025,3.237,#N/A,3.539,22.573,0.291,0.116,#N/A,7.673,0.027,3.65,6.064,40.394,G2H020Q01,G22H,,,,,,,,
101979,2013/04/10 13:20,0,DWS-RQIS,HGCL2,9.832,38.423,150.199,25.16,0.147,3.449,#N/A,4.6,26.665,1.268,0.345,#N/A,7.93,0.047,3.778,7.394,46.245,G2H020Q01,G22H,,,,,,,,
101979,2013/05/08 13:00,0,DWS-RQIS,HGCL2,16.372,47.916,216.004,33.14,0.207,3.861,#N/A,7.801,31.061,0.523,0.4,#N/A,7.989,0.055,5.635,9.548,79.249,G2H020Q01,G22H,,,,,,,,
101979,2013/07/03 13:00,0,DWS-RQIS,HGCL2,17.038,55.654,206.54,34.78,0.167,3.719,#N/A,8.552,36.091,0.203,0.229,#N/A,7.952,0.034,7.424,14.629,56.847,G2H020Q01,G22H,,,,,,,,
101979,2013/07/31 12:45,0,DWS-RQIS,HGCL2,16.151,46.955,189.971,33.19,0.238,3.456,#N/A,7.149,28.624,0.025,0.299,#N/A,8.066,0.02,5.496,13.399,59.53,G2H020Q01,G22H,,,,,,,,
101979,2013/09/25 13:55,0,DWS-RQIS,HGCL2,14.516,49.441,191.862,31.53,0.226,4.045,#N/A,7.506,29.184,0.025,0.468,#N/A,8.102,0.045,5.125,13.61,58.308,G2H020Q01,G22H,,,,,,,,
101979,2013/10/23 12:30,0,DWS-RQIS,HGCL2,13.797,51.453,179.207,28,0.156,3.085,#N/A,6.795,30.437,0.223,0.215,#N/A,7.687,0.015,5.813,9.65,51.301,G2H020Q01,G22H,,,,,,,,
101979,2015/07/15 11:35,0,DWS-RQIS,HGCL2,15.087,52.981,186.667,31.97,0.167,2.611,#N/A,8.603,31.79,0.131,0.456,#N/A,8.052,0.01,6.035,10.563,51.381,G2H020Q01,G22H,,,,,,,,
101979,2015/08/19 13:02,0,DWS-RQIS,HGCL2,13.7,50.5,186.67,30.1,0.491,3.3,#N/A,6.1,29.9,0.05,0.344,#N/A,8,0.01,5.419,10.1,58.2,G2H020Q01,G22H,,,,,,,,
101979,2015/09/16 11:57,0,DWS-RQIS,HGCL2,17.022,44.598,168.25,28.25,0.081,2.786,#N/A,5.979,23.909,0.05,0.169,#N/A,7.889,0.01,5.303,6.317,54.718,G2H020Q01,G22H,,,,,,,,
101979,2015/10/21 12:45,0,DWS-RQIS,HGCL2,18.356,61.403,237.719,37.9,0.518,3.539,#N/A,7.624,39.645,0.452,0.05,#N/A,7.393,0.039,6.463,7.346,80.676,G2H020Q01,G22H,,,,,,,,
101979,2015/11/25 12:15,0,DWS-RQIS,HGCL2,14.1,42.3,163.05,26.4,0.025,2.7,#N/A,5.3,24.7,0.05,1.533,#N/A,7,0.065,3.7,6.4,49.6,G2H020Q01,G22H,,,,,,,,
101979,2016/01/20 13:30,0,DWS-RQIS,HGCL2,9.7,33.7,126.6,21.4,0.131,3.3,#N/A,3.7,19.7,0.872,0.349,#N/A,7.5,0.056,3,6.1,38.9,G2H020Q01,G22H,,,,,,,,
101979,2016/04/13 12:25,0,DWS-RQIS,HGCL2,25.4,48.2,232.639,34.1,0.235,2.7,#N/A,6,33.9,0.786,0.05,#N/A,8.1,0.047,5.065,6.8,88.6,G2H020Q01,G22H,,,,,,,,
101979,2016/06/08 13:00,0,DWS-RQIS,HGCL2,19.3,54.5,226.376,35.3,0.244,5.1,#N/A,6.9,38.1,0.32,0.05,#N/A,8.1,0.083,6.7,9.9,75,G2H020Q01,G22H,,,,,,,,
101979,2016/07/06 12:45,0,DWS-RQIS,HGCL2,13.3,38.6,139.061,23.5,0.095,2.8,#N/A,4.7,22.9,0.361,0.351,#N/A,7.6,0.074,3.9,12.6,34.3,G2H020Q01,G22H,,,,,,,,
101979,2016/08/10 13:50,0,DWS-RQIS,HGCL2,14,45.7,165.845,28.4,0.471,4,#N/A,5.8,30.5,0.05,0.178,#N/A,8,0.01,5.4,10.6,44.2,G2H020Q01,G22H,,,,,,,,
101979,2016/08/31 12:27,0,DWS-RQIS,HGCL2,20.8,49.5,198.912,31.8,0.246,3.4,#N/A,6.6,30.9,0.05,0.175,#N/A,8.1,0.026,5.4,10.1,62.7,G2H020Q01,G22H,,,,,,,,
101979,2016/09/28 11:40,0,DWS-RQIS,HGCL2,15.3,46,181.943,29.7,0.322,3.4,#N/A,6.6,30.5,0.05,0.05,#N/A,7.6,0.01,5.3,8.3,58.4,G2H020Q01,G22H,,,,,,,,
101979,2016/10/26 11:30,0,DWS-RQIS,HGCL2,20.3,55.1,220.12,35.7,0.932,3.3,#N/A,7.8,37.2,0.05,0.203,#N/A,7.4,0.01,5.9,10,69.3,G2H020Q01,G22H,,,,,,,,
101979,2016/11/30 11:57,0,DWS-RQIS,HGCL2,17.3,56.5,246.274,38.2,0.778,8,#N/A,7.3,37.3,1.187,0.05,#N/A,7.8,0.056,5,6.1,91.1,G2H020Q01,G22H,,,,,,,,
101979,2017/01/25 11:55,0,DWS-RQIS,HGCL2,17.5,51.5,212.348,34.1,0.406,10.8,#N/A,5.4,31.5,1.196,0.05,#N/A,7.3,0.074,4.3,10.1,68.2,G2H020Q01,G22H,,,,,,,,
101979,2017/02/22 13:32,0,DWS-RQIS,HGCL2,15.8,41.2,198.17,28.6,0.122,11.2,#N/A,6.1,30.9,0.05,0.05,#N/A,7,0.01,3.9,0.6,75.4,G2H020Q01,G22H,,,,,,,,
101979,2017/03/29 12:20,0,DWS-RQIS,HGCL2,10,38.5,139.969,22.6,0.671,4.7,#N/A,3.7,24.3,0.796,0.05,#N/A,8,0.029,3.9,4.7,42.7,G2H020Q01,G22H,,,,,,,,
101979,2017/04/11 12:10,0,DWS-RQIS,HGCL2,14,98.5,275.65,48.5,0.772,9.4,#N/A,5,61.8,0.05,1.908,#N/A,8.2,0.083,4.4,0.6,63,G2H020Q01,G22H,,,,,,,,
101979,2017/07/19 12:00,0,DWS-RQIS,HGCL2,13,43.4,142.318,26.7,0.142,2.2,#N/A,5.2,23.2,0.387,0.19,#N/A,8,0.01,4.7,1.5,42.9,G2H020Q01,G22H,,,,,,,,
101979,2017/08/23 11:10,0,DWS-RQIS,HGCL2,17.7,45,174.407,25.4,0.149,2.2,#N/A,5.7,25.3,0.05,0.05,#N/A,7.7,0.01,4.8,8.3,57.2,G2H020Q01,G22H,,,,,,,,
101979,2017/09/20 11:45,0,DWS-RQIS,HGCL2,16,55.6,194.029,30,0.142,2.2,#N/A,6.9,30.9,0.05,0.05,#N/A,7.2,0.01,6.1,1.5,66,G2H020Q01,G22H,,,,,,,,
101979,2017/10/25 11:15,0,DWS-RQIS,HGCL2,15.2,46.2,177.566,28.4,0.214,2.1,#N/A,6,28.9,1.302,0.112,#N/A,8.1,0.057,4.9,5.4,58.4,G2H020Q01,G22H,,,,,,,,
101979,2017/11/29 10:51,0,DWS-RQIS,HGCL2,26.4,76.9,337.496,48.9,0.081,5.5,#N/A,9.9,50.4,4.537,0.05,#N/A,8.5,0.227,7.6,6.1,127.5,G2H020Q01,G22H,,,,,,,,
101979,2018/01/31 11:41,0,DWS-RQIS,HGCL2,26.2,66.1,383.788,54.3,0.025,6.8,#N/A,9.4,63.8,3.62,0.05,#N/A,8.6,0.095,7.2,0.6,168.7,G2H020Q01,G22H,,,,,,,,
101979,2018/02/28 11:41,0,DWS-RQIS,HGCL2,23.7,59.6,308.652,45.6,0.272,7.9,#N/A,7.1,53.3,0.05,2.891,#N/A,7.7,0.01,6.8,1.6,116.7,G2H020Q01,G22H,,,,,,,,